date_key,series_id,value,mom_change,yoy_change,mom_pct,yoy_pct
20150101,de10y,0.39,,,,
20150201,de10y,0.3,-0.09,,,
20150301,de10y,0.23,-0.07,,,
20150401,de10y,0.12,-0.11,,,
20150501,de10y,0.56,0.44,,,
20150601,de10y,0.79,0.23,,,
20150701,de10y,0.71,-0.08,,,
20150801,de10y,0.61,-0.1,,,
20150901,de10y,0.65,0.04,,,
20151001,de10y,0.52,-0.13,,,
20151101,de10y,0.52,0.0,,,
20151201,de10y,0.55,0.03,,,
20160101,de10y,0.43,-0.12,0.04,,
20160201,de10y,0.17,-0.26,-0.13,,
20160301,de10y,0.17,0.0,-0.06,,
20160401,de10y,0.13,-0.04,0.01,,
20160501,de10y,0.13,0.0,-0.43,,
20160601,de10y,-0.02,-0.15,-0.81,,
20160701,de10y,-0.15,-0.13,-0.86,,
20160801,de10y,-0.13,0.02,-0.74,,
20160901,de10y,-0.09,0.04,-0.74,,
20161001,de10y,0.0,0.09,-0.52,,
20161101,de10y,0.19,0.19,-0.33,,
20161201,de10y,0.25,0.06,-0.3,,
20170101,de10y,0.25,0.0,-0.18,,
20170201,de10y,0.26,0.01,0.09,,
20170301,de10y,0.35,0.09,0.18,,
20170401,de10y,0.22,-0.13,0.09,,
20170501,de10y,0.34,0.12,0.21,,
20170601,de10y,0.25,-0.09,0.27,,
20170701,de10y,0.46,0.21,0.61,,
20170801,de10y,0.35,-0.11,0.48,,
20170901,de10y,0.35,0.0,0.44,,
20171001,de10y,0.37,0.02,0.37,,
20171101,de10y,0.31,-0.06,0.12,,
20171201,de10y,0.3,-0.01,0.05,,
20180101,de10y,0.47,0.17,0.22,,
20180201,de10y,0.66,0.19,0.4,,
20180301,de10y,0.53,-0.13,0.18,,
20180401,de10y,0.48,-0.05,0.26,,
20180501,de10y,0.45,-0.03,0.11,,
20180601,de10y,0.33,-0.12,0.08,,
20180701,de10y,0.28,-0.05,-0.18,,
20180801,de10y,0.29,0.01,-0.06,,
20180901,de10y,0.37,0.08,0.02,,
20181001,de10y,0.4,0.03,0.03,,
20181101,de10y,0.31,-0.09,0.0,,
20181201,de10y,0.19,-0.12,-0.11,,
20190101,de10y,0.13,-0.06,-0.34,,
20190201,de10y,0.06,-0.07,-0.6,,
20190301,de10y,0.01,-0.05,-0.52,,
20190401,de10y,-0.04,-0.05,-0.52,,
20190501,de10y,-0.13,-0.09,-0.58,,
20190601,de10y,-0.31,-0.18,-0.64,,
20190701,de10y,-0.39,-0.08,-0.67,,
20190801,de10y,-0.65,-0.26,-0.94,,
20190901,de10y,-0.59,0.06,-0.96,,
20191001,de10y,-0.47,0.12,-0.87,,
20191101,de10y,-0.35,0.12,-0.66,,
20191201,de10y,-0.3,0.05,-0.49,,
20200101,de10y,-0.31,-0.01,-0.44,,
20200201,de10y,-0.47,-0.16,-0.53,,
20200301,de10y,-0.54,-0.07,-0.55,,
20200401,de10y,-0.45,0.09,-0.41,,
20200501,de10y,-0.516,-0.066,-0.386,,
20200601,de10y,-0.434,0.082,-0.124,,
20200701,de10y,-0.523,-0.089,-0.133,,
20200801,de10y,-0.522,0.001,0.128,,
20200901,de10y,-0.524,-0.002,0.066,,
20201001,de10y,-0.607,-0.083,-0.137,,
20201101,de10y,-0.614,-0.007,-0.264,,
20201201,de10y,-0.618,-0.004,-0.318,,
20210101,de10y,-0.583,0.035,-0.273,,
20210201,de10y,-0.446,0.137,0.024,,
20210301,de10y,-0.364,0.082,0.176,,
20210401,de10y,-0.325,0.039,0.125,,
20210501,de10y,-0.223,0.102,0.293,,
20210601,de10y,-0.288,-0.065,0.146,,
20210701,de10y,-0.45,-0.162,0.073,,
20210801,de10y,-0.539,-0.089,-0.017,,
20210901,de10y,-0.363,0.176,0.161,,
20211001,de10y,-0.206,0.157,0.401,,
20211101,de10y,-0.312,-0.106,0.302,,
20211201,de10y,-0.383,-0.071,0.235,,
20220101,de10y,-0.115,0.268,0.468,,
20220201,de10y,0.15,0.265,0.596,,
20220301,de10y,0.282,0.132,0.646,,
20220401,de10y,0.745,0.463,1.07,,
20220501,de10y,0.953,0.208,1.176,,
20220601,de10y,1.446,0.493,1.734,,
20220701,de10y,1.082,-0.364,1.532,,
20220801,de10y,1.033,-0.049,1.572,,
20220901,de10y,1.796,0.763,2.159,,
20221001,de10y,2.186,0.39,2.392,,
20221101,de10y,2.066,-0.12,2.378,,
20221201,de10y,2.085,0.019,2.468,,
20230101,de10y,2.192,0.107,2.307,,
20230201,de10y,2.37,0.178,2.22,,
20230301,de10y,2.383,0.013,2.101,,
20230401,de10y,2.359,-0.024,1.614,,
20230501,de10y,2.341,-0.018,1.388,,
20230601,de10y,2.377,0.036,0.931,,
20230701,de10y,2.457,0.08,1.375,,
20230801,de10y,2.545,0.088,1.512,,
20230901,de10y,2.66,0.115,0.864,,
20231001,de10y,2.823,0.163,0.637,,
20231101,de10y,2.602,-0.221,0.536,,
20231201,de10y,2.101,-0.501,0.016,,
20240101,de10y,2.175,0.074,-0.017,,
20240201,de10y,2.331,0.156,-0.039,,
20240301,de10y,2.349,0.018,-0.034,,
20240401,de10y,2.446,0.097,0.087,,
20240501,de10y,2.518,0.072,0.177,,
20240601,de10y,2.484,-0.034,0.107,,
20240701,de10y,2.458,-0.026,0.001,,
20240801,de10y,2.208,-0.25,-0.337,,
20240901,de10y,2.166,-0.042,-0.494,,
20241001,de10y,2.228,0.062,-0.595,,
20241101,de10y,2.305,0.077,-0.297,,
20241201,de10y,2.178,-0.127,0.077,,
20250101,de10y,2.484,0.306,0.309,,
20250201,de10y,2.405,-0.079,0.074,,
20250301,de10y,2.741,0.336,0.392,,
20250401,de10y,2.511,-0.23,0.065,,
20250501,de10y,2.562,0.051,0.044,,
20250601,de10y,2.52,-0.042,0.036,,
20250701,de10y,2.631,0.111,0.173,,
20250801,de10y,2.674,0.043,0.466,,
20250901,de10y,2.693,0.019,0.527,,
20251001,de10y,2.617,-0.076,0.389,,
20251101,de10y,2.657,0.04,0.352,,
20251201,de10y,2.813,0.156,0.635,,
20260101,de10y,2.807,-0.006,0.323,,
20260201,de10y,2.744,-0.063,0.339,,
20260301,de10y,2.91,0.166,0.169,,
20260401,de10y,3.0,0.09,0.489,,
20260501,de10y,3.045,0.045,0.483,,
20260601,de10y,2.964,-0.081,0.444,,
20260701,de10y,3.07,0.106,0.439,,
20260801,de10y,3.185,0.115,0.511,,
20150101,dfr,-0.2,,,,
20150201,dfr,-0.2,0.0,,,
20150301,dfr,-0.2,0.0,,,
20150401,dfr,-0.2,0.0,,,
20150501,dfr,-0.2,0.0,,,
20150601,dfr,-0.2,0.0,,,
20150701,dfr,-0.2,0.0,,,
20150801,dfr,-0.2,0.0,,,
20150901,dfr,-0.2,0.0,,,
20151001,dfr,-0.2,0.0,,,
20151101,dfr,-0.2,0.0,,,
20151201,dfr,-0.3,-0.1,,,
20160101,dfr,-0.3,0.0,-0.1,,
20160201,dfr,-0.3,0.0,-0.1,,
20160301,dfr,-0.4,-0.1,-0.2,,
20160401,dfr,-0.4,0.0,-0.2,,
20160501,dfr,-0.4,0.0,-0.2,,
20160601,dfr,-0.4,0.0,-0.2,,
20160701,dfr,-0.4,0.0,-0.2,,
20160801,dfr,-0.4,0.0,-0.2,,
20160901,dfr,-0.4,0.0,-0.2,,
20161001,dfr,-0.4,0.0,-0.2,,
20161101,dfr,-0.4,0.0,-0.2,,
20161201,dfr,-0.4,0.0,-0.1,,
20170101,dfr,-0.4,0.0,-0.1,,
20170201,dfr,-0.4,0.0,-0.1,,
20170301,dfr,-0.4,0.0,0.0,,
20170401,dfr,-0.4,0.0,0.0,,
20170501,dfr,-0.4,0.0,0.0,,
20170601,dfr,-0.4,0.0,0.0,,
20170701,dfr,-0.4,0.0,0.0,,
20170801,dfr,-0.4,0.0,0.0,,
20170901,dfr,-0.4,0.0,0.0,,
20171001,dfr,-0.4,0.0,0.0,,
20171101,dfr,-0.4,0.0,0.0,,
20171201,dfr,-0.4,0.0,0.0,,
20180101,dfr,-0.4,0.0,0.0,,
20180201,dfr,-0.4,0.0,0.0,,
20180301,dfr,-0.4,0.0,0.0,,
20180401,dfr,-0.4,0.0,0.0,,
20180501,dfr,-0.4,0.0,0.0,,
20180601,dfr,-0.4,0.0,0.0,,
20180701,dfr,-0.4,0.0,0.0,,
20180801,dfr,-0.4,0.0,0.0,,
20180901,dfr,-0.4,0.0,0.0,,
20181001,dfr,-0.4,0.0,0.0,,
20181101,dfr,-0.4,0.0,0.0,,
20181201,dfr,-0.4,0.0,0.0,,
20190101,dfr,-0.4,0.0,0.0,,
20190201,dfr,-0.4,0.0,0.0,,
20190301,dfr,-0.4,0.0,0.0,,
20190401,dfr,-0.4,0.0,0.0,,
20190501,dfr,-0.4,0.0,0.0,,
20190601,dfr,-0.4,0.0,0.0,,
20190701,dfr,-0.4,0.0,0.0,,
20190801,dfr,-0.4,0.0,0.0,,
20190901,dfr,-0.5,-0.1,-0.1,,
20191001,dfr,-0.5,0.0,-0.1,,
20191101,dfr,-0.5,0.0,-0.1,,
20191201,dfr,-0.5,0.0,-0.1,,
20200101,dfr,-0.5,0.0,-0.1,,
20200201,dfr,-0.5,0.0,-0.1,,
20200301,dfr,-0.5,0.0,-0.1,,
20200401,dfr,-0.5,0.0,-0.1,,
20200501,dfr,-0.5,0.0,-0.1,,
20200601,dfr,-0.5,0.0,-0.1,,
20200701,dfr,-0.5,0.0,-0.1,,
20200801,dfr,-0.5,0.0,-0.1,,
20200901,dfr,-0.5,0.0,0.0,,
20201001,dfr,-0.5,0.0,0.0,,
20201101,dfr,-0.5,0.0,0.0,,
20201201,dfr,-0.5,0.0,0.0,,
20210101,dfr,-0.5,0.0,0.0,,
20210201,dfr,-0.5,0.0,0.0,,
20210301,dfr,-0.5,0.0,0.0,,
20210401,dfr,-0.5,0.0,0.0,,
20210501,dfr,-0.5,0.0,0.0,,
20210601,dfr,-0.5,0.0,0.0,,
20210701,dfr,-0.5,0.0,0.0,,
20210801,dfr,-0.5,0.0,0.0,,
20210901,dfr,-0.5,0.0,0.0,,
20211001,dfr,-0.5,0.0,0.0,,
20211101,dfr,-0.5,0.0,0.0,,
20211201,dfr,-0.5,0.0,0.0,,
20220101,dfr,-0.5,0.0,0.0,,
20220201,dfr,-0.5,0.0,0.0,,
20220301,dfr,-0.5,0.0,0.0,,
20220401,dfr,-0.5,0.0,0.0,,
20220501,dfr,-0.5,0.0,0.0,,
20220601,dfr,-0.5,0.0,0.0,,
20220701,dfr,0.0,0.5,0.5,,
20220801,dfr,0.0,0.0,0.5,,
20220901,dfr,0.75,0.75,1.25,,
20221001,dfr,0.75,0.0,1.25,,
20221101,dfr,1.5,0.75,2.0,,
20221201,dfr,2.0,0.5,2.5,,
20230101,dfr,2.0,0.0,2.5,,
20230201,dfr,2.5,0.5,3.0,,
20230301,dfr,3.0,0.5,3.5,,
20230401,dfr,3.0,0.0,3.5,,
20230501,dfr,3.25,0.25,3.75,,
20230601,dfr,3.5,0.25,4.0,,
20230701,dfr,3.5,0.0,3.5,,
20230801,dfr,3.75,0.25,3.75,,
20230901,dfr,4.0,0.25,3.25,,
20231001,dfr,4.0,0.0,3.25,,
20231101,dfr,4.0,0.0,2.5,,
20231201,dfr,4.0,0.0,2.0,,
20240101,dfr,4.0,0.0,2.0,,
20240201,dfr,4.0,0.0,1.5,,
20240301,dfr,4.0,0.0,1.0,,
20240401,dfr,4.0,0.0,1.0,,
20240501,dfr,4.0,0.0,0.75,,
20240601,dfr,3.75,-0.25,0.25,,
20240701,dfr,3.75,0.0,0.25,,
20240801,dfr,3.75,0.0,0.0,,
20240901,dfr,3.5,-0.25,-0.5,,
20241001,dfr,3.25,-0.25,-0.75,,
20241101,dfr,3.25,0.0,-0.75,,
20241201,dfr,3.0,-0.25,-1.0,,
20250101,dfr,3.0,0.0,-1.0,,
20250201,dfr,2.75,-0.25,-1.25,,
20250301,dfr,2.5,-0.25,-1.5,,
20250401,dfr,2.25,-0.25,-1.75,,
20250501,dfr,2.25,0.0,-1.75,,
20250601,dfr,2.0,-0.25,-1.75,,
20250701,dfr,2.0,0.0,-1.75,,
20250801,dfr,2.0,0.0,-1.75,,
20250901,dfr,2.0,0.0,-1.5,,
20251001,dfr,2.0,0.0,-1.25,,
20251101,dfr,2.0,0.0,-1.25,,
20251201,dfr,2.0,0.0,-1.0,,
20260101,dfr,2.0,0.0,-1.0,,
20260201,dfr,2.0,0.0,-0.75,,
20260301,dfr,2.0,0.0,-0.5,,
20260401,dfr,2.0,0.0,-0.25,,
20260501,dfr,2.0,0.0,-0.25,,
20260601,dfr,2.25,0.25,0.25,,
20260701,dfr,2.25,0.0,0.25,,
20260801,dfr,2.25,0.0,0.25,,
20260901,dfr,2.5,0.25,0.5,,
20261001,dfr,2.5,0.0,0.5,,
20150101,es10y,1.543,,,,
20150201,es10y,1.518,-0.025,,,
20150301,es10y,1.229,-0.289,,,
20150401,es10y,1.31,0.081,,,
20150501,es10y,1.784,0.474,,,
20150601,es10y,2.223,0.439,,,
20150701,es10y,2.1,-0.123,,,
20150801,es10y,1.957,-0.143,,,
20150901,es10y,2.025,0.068,,,
20151001,es10y,1.725,-0.3,,,
20151101,es10y,1.719,-0.006,,,
20151201,es10y,1.685,-0.034,,,
20160101,es10y,1.719,0.034,0.176,,
20160201,es10y,1.724,0.005,0.206,,
20160301,es10y,1.542,-0.182,0.313,,
20160401,es10y,1.526,-0.016,0.216,,
20160501,es10y,1.57,0.044,-0.214,,
20160601,es10y,1.48,-0.09,-0.743,,
20160701,es10y,1.173,-0.307,-0.927,,
20160801,es10y,1.008,-0.165,-0.949,,
20160901,es10y,1.041,0.033,-0.984,,
20161001,es10y,1.072,0.031,-0.653,,
20161101,es10y,1.426,0.354,-0.293,,
20161201,es10y,1.44,0.014,-0.245,,
20170101,es10y,1.458,0.018,-0.261,,
20170201,es10y,1.703,0.245,-0.021,,
20170301,es10y,1.717,0.014,0.175,,
20170401,es10y,1.613,-0.104,0.087,,
20170501,es10y,1.571,-0.042,0.001,,
20170601,es10y,1.453,-0.118,-0.027,,
20170701,es10y,1.599,0.146,0.426,,
20170801,es10y,1.483,-0.116,0.475,,
20170901,es10y,1.537,0.054,0.496,,
20171001,es10y,1.605,0.068,0.533,,
20171101,es10y,1.486,-0.119,0.06,,
20171201,es10y,1.443,-0.043,0.003,,
20180101,es10y,1.473,0.03,0.015,,
20180201,es10y,1.509,0.036,-0.194,,
20180301,es10y,1.334,-0.175,-0.383,,
20180401,es10y,1.206,-0.128,-0.407,,
20180501,es10y,1.389,0.183,-0.182,,
20180601,es10y,1.371,-0.018,-0.082,,
20180701,es10y,1.325,-0.046,-0.274,,
20180801,es10y,1.396,0.071,-0.087,,
20180901,es10y,1.459,0.063,-0.078,,
20181001,es10y,1.595,0.136,-0.01,,
20181101,es10y,1.587,-0.008,0.101,,
20181201,es10y,1.423,-0.164,-0.02,,
20190101,es10y,1.376,-0.047,-0.097,,
20190201,es10y,1.306,-0.07,-0.203,,
20190301,es10y,1.134,-0.172,-0.2,,
20190401,es10y,1.049,-0.085,-0.157,,
20190501,es10y,0.873,-0.176,-0.516,,
20190601,es10y,0.496,-0.377,-0.875,,
20190701,es10y,0.354,-0.142,-0.971,,
20190801,es10y,0.141,-0.213,-1.255,,
20190901,es10y,0.18,0.039,-1.279,,
20191001,es10y,0.203,0.023,-1.392,,
20191101,es10y,0.386,0.183,-1.201,,
20191201,es10y,0.435,0.049,-0.988,,
20200101,es10y,0.42,-0.015,-0.956,,
20200201,es10y,0.272,-0.148,-1.034,,
20200301,es10y,0.523,0.251,-0.611,,
20200401,es10y,0.824,0.301,-0.225,,
20200501,es10y,0.742,-0.082,-0.131,,
20200601,es10y,0.511,-0.231,0.015,,
20200701,es10y,0.371,-0.14,0.017,,
20200801,es10y,0.293,-0.078,0.152,,
20200901,es10y,0.272,-0.021,0.092,,
20201001,es10y,0.167,-0.105,-0.036,,
20201101,es10y,0.093,-0.074,-0.293,,
20201201,es10y,0.039,-0.054,-0.396,,
20210101,es10y,0.075,0.036,-0.345,,
20210201,es10y,0.225,0.15,-0.047,,
20210301,es10y,0.308,0.083,-0.215,,
20210401,es10y,0.369,0.061,-0.455,,
20210501,es10y,0.519,0.15,-0.223,,
20210601,es10y,0.448,-0.071,-0.063,,
20210701,es10y,0.331,-0.117,-0.04,,
20210801,es10y,0.214,-0.117,-0.079,,
20210901,es10y,0.327,0.113,0.055,,
20211001,es10y,0.468,0.141,0.301,,
20211101,es10y,0.473,0.005,0.38,,
20211201,es10y,0.412,-0.061,0.373,,
20220101,es10y,0.663,0.251,0.588,,
20220201,es10y,1.106,0.443,0.881,,
20220301,es10y,1.218,0.112,0.91,,
20220401,es10y,1.685,0.467,1.316,,
20220501,es10y,2.041,0.356,1.522,,
20220601,es10y,2.63,0.589,2.182,,
20220701,es10y,2.314,-0.316,1.983,,
20220801,es10y,2.146,-0.168,1.932,,
20220901,es10y,2.917,0.771,2.59,,
20221001,es10y,3.293,0.376,2.825,,
20221101,es10y,3.065,-0.228,2.592,,
20221201,es10y,3.088,0.023,2.676,,
20230101,es10y,3.204,0.116,2.541,,
20230201,es10y,3.385,0.181,2.279,,
20230301,es10y,3.433,0.048,2.215,,
20230401,es10y,3.398,-0.035,1.713,,
20230501,es10y,3.413,0.015,1.372,,
20230601,es10y,3.398,-0.015,0.768,,
20230701,es10y,3.49,0.092,1.176,,
20230801,es10y,3.571,0.081,1.425,,
20230901,es10y,3.713,0.142,0.796,,
20231001,es10y,3.946,0.233,0.653,,
20231101,es10y,3.646,-0.3,0.581,,
20231201,es10y,3.117,-0.529,0.029,,
20240101,es10y,3.175,0.058,-0.029,,
20240201,es10y,3.268,0.093,-0.117,,
20240301,es10y,3.189,-0.079,-0.244,,
20240401,es10y,3.271,0.082,-0.127,,
20240501,es10y,3.299,0.028,-0.114,,
20240601,es10y,3.349,0.05,-0.049,,
20240701,es10y,3.275,-0.074,-0.215,,
20240801,es10y,3.069,-0.206,-0.502,,
20240901,es10y,2.986,-0.083,-0.727,,
20241001,es10y,2.963,-0.023,-0.983,,
20241101,es10y,3.053,0.09,-0.593,,
20241201,es10y,2.886,-0.167,-0.231,,
20250101,es10y,3.173,0.287,-0.002,,
20250201,es10y,3.1,-0.073,-0.168,,
20250301,es10y,3.391,0.291,0.202,,
20250401,es10y,3.229,-0.162,-0.042,,
20250501,es10y,3.204,-0.025,-0.095,,
20250601,es10y,3.164,-0.04,-0.185,,
20250701,es10y,3.241,0.077,-0.034,,
20250801,es10y,3.256,0.015,0.187,,
20250901,es10y,3.262,0.006,0.276,,
20251001,es10y,3.147,-0.115,0.184,,
20251101,es10y,3.173,0.026,0.12,,
20251201,es10y,3.271,0.098,0.385,,
20260101,es10y,3.268,-0.003,0.095,,
20260201,es10y,3.174,-0.094,0.074,,
20260301,es10y,3.385,0.211,-0.006,,
20260401,es10y,3.448,0.063,0.219,,
20260501,es10y,3.488,0.04,0.284,,
20260601,es10y,3.413,-0.075,0.249,,
20260701,es10y,3.53,0.117,0.289,,
20260801,es10y,3.63,0.1,0.374,,
20191001,estr,-0.549,,,,
20191101,estr,-0.536,0.013,,,
20191201,estr,-0.541,-0.005,,,
20200101,estr,-0.538,0.003,,,
20200201,estr,-0.538,0.0,,,
20200301,estr,-0.534,0.004,,,
20200401,estr,-0.537,-0.003,,,
20200501,estr,-0.542,-0.005,,,
20200601,estr,-0.546,-0.004,,,
20200701,estr,-0.55,-0.004,,,
20200801,estr,-0.553,-0.003,,,
20200901,estr,-0.554,-0.001,,,
20201001,estr,-0.554,0.0,-0.005,,
20201101,estr,-0.556,-0.002,-0.02,,
20201201,estr,-0.557,-0.001,-0.016,,
20210101,estr,-0.563,-0.006,-0.025,,
20210201,estr,-0.564,-0.001,-0.026,,
20210301,estr,-0.564,0.0,-0.03,,
20210401,estr,-0.566,-0.002,-0.029,,
20210501,estr,-0.565,0.001,-0.023,,
20210601,estr,-0.565,0.0,-0.019,,
20210701,estr,-0.566,-0.001,-0.016,,
20210801,estr,-0.568,-0.002,-0.015,,
20210901,estr,-0.57,-0.002,-0.016,,
20211001,estr,-0.571,-0.001,-0.017,,
20211101,estr,-0.573,-0.002,-0.017,,
20211201,estr,-0.577,-0.004,-0.02,,
20220101,estr,-0.578,-0.001,-0.015,,
20220201,estr,-0.577,0.001,-0.013,,
20220301,estr,-0.579,-0.002,-0.015,,
20220401,estr,-0.584,-0.005,-0.018,,
20220501,estr,-0.585,-0.001,-0.02,,
20220601,estr,-0.582,0.003,-0.017,,
20220701,estr,-0.511,0.071,0.055,,
20220801,estr,-0.085,0.426,0.483,,
20220901,estr,0.355,0.44,0.925,,
20221001,estr,0.656,0.301,1.227,,
20221101,estr,1.368,0.712,1.941,,
20221201,estr,1.568,0.2,2.145,,
20230101,estr,1.902,0.334,2.48,,
20230201,estr,2.275,0.373,2.852,,
20230301,estr,2.572,0.297,3.151,,
20230401,estr,2.9,0.328,3.484,,
20230501,estr,3.08,0.18,3.665,,
20230601,estr,3.238,0.158,3.82,,
20230701,estr,3.402,0.164,3.913,,
20230801,estr,3.642,0.24,3.727,,
20230901,estr,3.747,0.105,3.392,,
20231001,estr,3.901,0.154,3.245,,
20231101,estr,3.902,0.001,2.534,,
20231201,estr,3.902,0.0,2.334,,
20240101,estr,3.904,0.002,2.002,,
20240201,estr,3.907,0.003,1.632,,
20240301,estr,3.907,0.0,1.335,,
20240401,estr,3.908,0.001,1.008,,
20240501,estr,3.907,-0.001,0.827,,
20240601,estr,3.749,-0.158,0.511,,
20240701,estr,3.663,-0.086,0.261,,
20240801,estr,3.663,0.0,0.021,,
20240901,estr,3.557,-0.106,-0.19,,
20241001,estr,3.338,-0.219,-0.563,,
20241101,estr,3.164,-0.174,-0.738,,
20241201,estr,3.064,-0.1,-0.838,,
20250101,estr,2.919,-0.145,-0.985,,
20250201,estr,2.691,-0.228,-1.216,,
20250301,estr,2.499,-0.192,-1.408,,
20250401,estr,2.341,-0.158,-1.567,,
20250501,estr,2.169,-0.172,-1.738,,
20250601,estr,2.007,-0.162,-1.742,,
20250701,estr,1.922,-0.085,-1.741,,
20250801,estr,1.924,0.002,-1.739,,
20250901,estr,1.925,0.001,-1.632,,
20251001,estr,1.927,0.002,-1.411,,
20251101,estr,1.929,0.002,-1.235,,
20251201,estr,1.929,0.0,-1.135,,
20260101,estr,1.932,0.003,-0.987,,
20260201,estr,1.931,-0.001,-0.76,,
20260301,estr,1.932,0.001,-0.567,,
20260401,estr,1.932,0.0,-0.409,,
20260501,estr,1.931,-0.001,-0.238,,
20260601,estr,2.045,0.114,0.038,,
20260701,estr,2.184,0.139,0.262,,
20260801,estr,2.187,0.003,0.263,,
20260901,estr,2.314,0.127,0.389,,
20261001,estr,2.44,0.126,0.513,,
20150101,eurgbp,0.767,,,,
20150201,eurgbp,0.741,-0.026,,-3.3898,
20150301,eurgbp,0.724,-0.017,,-2.2942,
20150401,eurgbp,0.721,-0.003,,-0.4144,
20150501,eurgbp,0.721,0.0,,0.0,
20150601,eurgbp,0.721,0.0,,0.0,
20150701,eurgbp,0.707,-0.014,,-1.9417,
20150801,eurgbp,0.714,0.007,,0.9901,
20150901,eurgbp,0.731,0.017,,2.381,
20151001,eurgbp,0.733,0.002,,0.2736,
20151101,eurgbp,0.707,-0.026,,-3.5471,
20151201,eurgbp,0.726,0.019,,2.6874,
20160101,eurgbp,0.755,0.029,-0.012,3.9945,-1.5645
20160201,eurgbp,0.776,0.021,0.035,2.7815,4.7233
20160301,eurgbp,0.78,0.004,0.056,0.5155,7.7348
20160401,eurgbp,0.792,0.012,0.071,1.5385,9.8474
20160501,eurgbp,0.778,-0.014,0.057,-1.7677,7.9057
20160601,eurgbp,0.79,0.012,0.069,1.5424,9.57
20160701,eurgbp,0.841,0.051,0.134,6.4557,18.9533
20160801,eurgbp,0.855,0.014,0.141,1.6647,19.7479
20160901,eurgbp,0.852,-0.003,0.121,-0.3509,16.5527
20161001,eurgbp,0.894,0.042,0.161,4.9296,21.9645
20161101,eurgbp,0.869,-0.025,0.162,-2.7964,22.9137
20161201,eurgbp,0.844,-0.025,0.118,-2.8769,16.2534
20170101,eurgbp,0.861,0.017,0.106,2.0142,14.0397
20170201,eurgbp,0.853,-0.008,0.077,-0.9292,9.9227
20170301,eurgbp,0.866,0.013,0.086,1.524,11.0256
20170401,eurgbp,0.848,-0.018,0.056,-2.0785,7.0707
20170501,eurgbp,0.856,0.008,0.078,0.9434,10.0257
20170601,eurgbp,0.877,0.021,0.087,2.4533,11.0127
20170701,eurgbp,0.886,0.009,0.045,1.0262,5.3508
20170801,eurgbp,0.911,0.025,0.056,2.8217,6.5497
20170901,eurgbp,0.895,-0.016,0.043,-1.7563,5.0469
20171001,eurgbp,0.891,-0.004,-0.003,-0.4469,-0.3356
20171101,eurgbp,0.888,-0.003,0.019,-0.3367,2.1864
20171201,eurgbp,0.883,-0.005,0.039,-0.5631,4.6209
20180101,eurgbp,0.883,0.0,0.022,0.0,2.5552
20180201,eurgbp,0.884,0.001,0.031,0.1133,3.6342
20180301,eurgbp,0.883,-0.001,0.017,-0.1131,1.963
20180401,eurgbp,0.872,-0.011,0.024,-1.2458,2.8302
20180501,eurgbp,0.877,0.005,0.021,0.5734,2.4533
20180601,eurgbp,0.879,0.002,0.002,0.2281,0.2281
20180701,eurgbp,0.887,0.008,0.001,0.9101,0.1129
20180801,eurgbp,0.897,0.01,-0.014,1.1274,-1.5368
20180901,eurgbp,0.893,-0.004,-0.002,-0.4459,-0.2235
20181001,eurgbp,0.883,-0.01,-0.008,-1.1198,-0.8979
20181101,eurgbp,0.881,-0.002,-0.007,-0.2265,-0.7883
20181201,eurgbp,0.898,0.017,0.015,1.9296,1.6988
20190101,eurgbp,0.886,-0.012,0.003,-1.3363,0.3398
20190201,eurgbp,0.873,-0.013,-0.011,-1.4673,-1.2443
20190301,eurgbp,0.858,-0.015,-0.025,-1.7182,-2.8313
20190401,eurgbp,0.862,0.004,-0.01,0.4662,-1.1468
20190501,eurgbp,0.872,0.01,-0.005,1.1601,-0.5701
20190601,eurgbp,0.891,0.019,0.012,2.1789,1.3652
20190701,eurgbp,0.899,0.008,0.012,0.8979,1.3529
20190801,eurgbp,0.916,0.017,0.019,1.891,2.1182
20190901,eurgbp,0.891,-0.025,-0.002,-2.7293,-0.224
20191001,eurgbp,0.875,-0.016,-0.008,-1.7957,-0.906
20191101,eurgbp,0.858,-0.017,-0.023,-1.9429,-2.6107
20191201,eurgbp,0.847,-0.011,-0.051,-1.2821,-5.6793
20200101,eurgbp,0.849,0.002,-0.037,0.2361,-4.1761
20200201,eurgbp,0.841,-0.008,-0.032,-0.9423,-3.6655
20200301,eurgbp,0.895,0.054,0.037,6.4209,4.3124
20200401,eurgbp,0.875,-0.02,0.013,-2.2346,1.5081
20200501,eurgbp,0.887,0.012,0.015,1.3714,1.7202
20200601,eurgbp,0.899,0.012,0.008,1.3529,0.8979
20200701,eurgbp,0.905,0.006,0.006,0.6674,0.6674
20200801,eurgbp,0.901,-0.004,-0.015,-0.442,-1.6376
20200901,eurgbp,0.909,0.008,0.018,0.8879,2.0202
20201001,eurgbp,0.907,-0.002,0.032,-0.22,3.6571
20201101,eurgbp,0.896,-0.011,0.038,-1.2128,4.4289
20201201,eurgbp,0.906,0.01,0.059,1.1161,6.9658
20210101,eurgbp,0.893,-0.013,0.044,-1.4349,5.1826
20210201,eurgbp,0.873,-0.02,0.032,-2.2396,3.805
20210301,eurgbp,0.859,-0.014,-0.036,-1.6037,-4.0223
20210401,eurgbp,0.865,0.006,-0.01,0.6985,-1.1429
20210501,eurgbp,0.863,-0.002,-0.024,-0.2312,-2.7057
20210601,eurgbp,0.859,-0.004,-0.04,-0.4635,-4.4494
20210701,eurgbp,0.856,-0.003,-0.049,-0.3492,-5.4144
20210801,eurgbp,0.853,-0.003,-0.048,-0.3505,-5.3274
20210901,eurgbp,0.857,0.004,-0.052,0.4689,-5.7206
20211001,eurgbp,0.847,-0.01,-0.06,-1.1669,-6.6152
20211101,eurgbp,0.848,0.001,-0.048,0.1181,-5.3571
20211201,eurgbp,0.849,0.001,-0.057,0.1179,-6.2914
20220101,eurgbp,0.835,-0.014,-0.058,-1.649,-6.495
20220201,eurgbp,0.838,0.003,-0.035,0.3593,-4.0092
20220301,eurgbp,0.836,-0.002,-0.023,-0.2387,-2.6775
20220401,eurgbp,0.837,0.001,-0.028,0.1196,-3.237
20220501,eurgbp,0.85,0.013,-0.013,1.5532,-1.5064
20220601,eurgbp,0.858,0.008,-0.001,0.9412,-0.1164
20220701,eurgbp,0.85,-0.008,-0.006,-0.9324,-0.7009
20220801,eurgbp,0.845,-0.005,-0.008,-0.5882,-0.9379
20220901,eurgbp,0.875,0.03,0.018,3.5503,2.1004
20221001,eurgbp,0.871,-0.004,0.024,-0.4571,2.8335
20221101,eurgbp,0.869,-0.002,0.021,-0.2296,2.4764
20221201,eurgbp,0.87,0.001,0.021,0.1151,2.4735
20230101,eurgbp,0.882,0.012,0.047,1.3793,5.6287
20230201,eurgbp,0.885,0.003,0.047,0.3401,5.6086
20230301,eurgbp,0.882,-0.003,0.046,-0.339,5.5024
20230401,eurgbp,0.881,-0.001,0.044,-0.1134,5.2569
20230501,eurgbp,0.87,-0.011,0.02,-1.2486,2.3529
20230601,eurgbp,0.859,-0.011,0.001,-1.2644,0.1166
20230701,eurgbp,0.859,0.0,0.009,0.0,1.0588
20230801,eurgbp,0.859,0.0,0.014,0.0,1.6568
20230901,eurgbp,0.862,0.003,-0.013,0.3492,-1.4857
20231001,eurgbp,0.868,0.006,-0.003,0.6961,-0.3444
20231101,eurgbp,0.87,0.002,0.001,0.2304,0.1151
20231201,eurgbp,0.862,-0.008,-0.008,-0.9195,-0.9195
20240101,eurgbp,0.859,-0.003,-0.023,-0.348,-2.6077
20240201,eurgbp,0.855,-0.004,-0.03,-0.4657,-3.3898
20240301,eurgbp,0.855,0.0,-0.027,0.0,-3.0612
20240401,eurgbp,0.857,0.002,-0.024,0.2339,-2.7242
20240501,eurgbp,0.856,-0.001,-0.014,-0.1167,-1.6092
20240601,eurgbp,0.846,-0.01,-0.013,-1.1682,-1.5134
20240701,eurgbp,0.843,-0.003,-0.016,-0.3546,-1.8626
20240801,eurgbp,0.852,0.009,-0.007,1.0676,-0.8149
20240901,eurgbp,0.84,-0.012,-0.022,-1.4085,-2.5522
20241001,eurgbp,0.835,-0.005,-0.033,-0.5952,-3.8018
20241101,eurgbp,0.834,-0.001,-0.036,-0.1198,-4.1379
20241201,eurgbp,0.828,-0.006,-0.034,-0.7194,-3.9443
20250101,eurgbp,0.839,0.011,-0.02,1.3285,-2.3283
20250201,eurgbp,0.831,-0.008,-0.024,-0.9535,-2.807
20250301,eurgbp,0.837,0.006,-0.018,0.722,-2.1053
20250401,eurgbp,0.854,0.017,-0.003,2.0311,-0.3501
20250501,eurgbp,0.843,-0.011,-0.013,-1.2881,-1.5187
20250601,eurgbp,0.85,0.007,0.004,0.8304,0.4728
20250701,eurgbp,0.865,0.015,0.022,1.7647,2.6097
20250801,eurgbp,0.865,0.0,0.013,0.0,1.5258
20250901,eurgbp,0.869,0.004,0.029,0.4624,3.4524
20251001,eurgbp,0.872,0.003,0.037,0.3452,4.4311
20251101,eurgbp,0.88,0.008,0.046,0.9174,5.5156
20251201,eurgbp,0.875,-0.005,0.047,-0.5682,5.6763
20260101,eurgbp,0.868,-0.007,0.029,-0.8,3.4565
20260201,eurgbp,0.87,0.002,0.039,0.2304,4.6931
20260301,eurgbp,0.866,-0.004,0.029,-0.4598,3.4648
20260401,eurgbp,0.869,0.003,0.015,0.3464,1.7564
20260501,eurgbp,0.866,-0.003,0.023,-0.3452,2.7284
20260601,eurgbp,0.864,-0.002,0.014,-0.2309,1.6471
20260701,eurgbp,0.854,-0.01,-0.011,-1.1574,-1.2717
20260801,eurgbp,0.856,0.002,-0.009,0.2342,-1.0405
20260901,eurgbp,0.858,0.002,-0.011,0.2336,-1.2658
20150101,euribor3m,0.063,,,,
20150201,euribor3m,0.048,-0.015,,,
20150301,euribor3m,0.027,-0.021,,,
20150401,euribor3m,0.005,-0.022,,,
20150501,euribor3m,-0.01,-0.015,,,
20150601,euribor3m,-0.014,-0.004,,,
20150701,euribor3m,-0.019,-0.005,,,
20150801,euribor3m,-0.028,-0.009,,,
20150901,euribor3m,-0.037,-0.009,,,
20151001,euribor3m,-0.054,-0.017,,,
20151101,euribor3m,-0.088,-0.034,,,
20151201,euribor3m,-0.126,-0.038,,,
20160101,euribor3m,-0.146,-0.02,-0.209,,
20160201,euribor3m,-0.184,-0.038,-0.232,,
20160301,euribor3m,-0.229,-0.045,-0.256,,
20160401,euribor3m,-0.249,-0.02,-0.254,,
20160501,euribor3m,-0.257,-0.008,-0.247,,
20160601,euribor3m,-0.268,-0.011,-0.254,,
20160701,euribor3m,-0.295,-0.027,-0.276,,
20160801,euribor3m,-0.298,-0.003,-0.27,,
20160901,euribor3m,-0.302,-0.004,-0.265,,
20161001,euribor3m,-0.309,-0.007,-0.255,,
20161101,euribor3m,-0.313,-0.004,-0.225,,
20161201,euribor3m,-0.316,-0.003,-0.19,,
20170101,euribor3m,-0.326,-0.01,-0.18,,
20170201,euribor3m,-0.329,-0.003,-0.145,,
20170301,euribor3m,-0.329,0.0,-0.1,,
20170401,euribor3m,-0.33,-0.001,-0.081,,
20170501,euribor3m,-0.329,0.001,-0.072,,
20170601,euribor3m,-0.33,-0.001,-0.062,,
20170701,euribor3m,-0.33,0.0,-0.035,,
20170801,euribor3m,-0.329,0.001,-0.031,,
20170901,euribor3m,-0.329,0.0,-0.027,,
20171001,euribor3m,-0.33,-0.001,-0.021,,
20171101,euribor3m,-0.329,0.001,-0.016,,
20171201,euribor3m,-0.328,0.001,-0.012,,
20180101,euribor3m,-0.328,0.0,-0.002,,
20180201,euribor3m,-0.329,-0.001,0.0,,
20180301,euribor3m,-0.328,0.001,0.001,,
20180401,euribor3m,-0.328,0.0,0.002,,
20180501,euribor3m,-0.325,0.003,0.004,,
20180601,euribor3m,-0.322,0.003,0.008,,
20180701,euribor3m,-0.321,0.001,0.009,,
20180801,euribor3m,-0.319,0.002,0.01,,
20180901,euribor3m,-0.319,0.0,0.01,,
20181001,euribor3m,-0.318,0.001,0.012,,
20181101,euribor3m,-0.316,0.002,0.013,,
20181201,euribor3m,-0.312,0.004,0.016,,
20190101,euribor3m,-0.308,0.004,0.02,,
20190201,euribor3m,-0.308,0.0,0.021,,
20190301,euribor3m,-0.309,-0.001,0.019,,
20190401,euribor3m,-0.31,-0.001,0.018,,
20190501,euribor3m,-0.312,-0.002,0.013,,
20190601,euribor3m,-0.329,-0.017,-0.007,,
20190701,euribor3m,-0.365,-0.036,-0.044,,
20190801,euribor3m,-0.408,-0.043,-0.089,,
20190901,euribor3m,-0.418,-0.01,-0.099,,
20191001,euribor3m,-0.413,0.005,-0.095,,
20191101,euribor3m,-0.401,0.012,-0.085,,
20191201,euribor3m,-0.395,0.006,-0.083,,
20200101,euribor3m,-0.391,0.004,-0.083,,
20200201,euribor3m,-0.409,-0.018,-0.101,,
20200301,euribor3m,-0.417,-0.008,-0.108,,
20200401,euribor3m,-0.254,0.163,0.056,,
20200501,euribor3m,-0.272,-0.018,0.04,,
20200601,euribor3m,-0.376,-0.104,-0.047,,
20200701,euribor3m,-0.444,-0.068,-0.079,,
20200801,euribor3m,-0.48,-0.036,-0.072,,
20200901,euribor3m,-0.491,-0.011,-0.073,,
20201001,euribor3m,-0.509,-0.018,-0.096,,
20201101,euribor3m,-0.521,-0.012,-0.12,,
20201201,euribor3m,-0.538,-0.017,-0.143,,
20210101,euribor3m,-0.547,-0.009,-0.156,,
20210201,euribor3m,-0.541,0.006,-0.132,,
20210301,euribor3m,-0.539,0.002,-0.122,,
20210401,euribor3m,-0.538,0.001,-0.284,,
20210501,euribor3m,-0.54,-0.002,-0.268,,
20210601,euribor3m,-0.543,-0.003,-0.167,,
20210701,euribor3m,-0.545,-0.002,-0.101,,
20210801,euribor3m,-0.548,-0.003,-0.068,,
20210901,euribor3m,-0.545,0.003,-0.054,,
20211001,euribor3m,-0.55,-0.005,-0.041,,
20211101,euribor3m,-0.567,-0.017,-0.046,,
20211201,euribor3m,-0.582,-0.015,-0.044,,
20220101,euribor3m,-0.56,0.022,-0.013,,
20220201,euribor3m,-0.531,0.029,0.01,,
20220301,euribor3m,-0.495,0.036,0.044,,
20220401,euribor3m,-0.448,0.047,0.09,,
20220501,euribor3m,-0.386,0.062,0.154,,
20220601,euribor3m,-0.239,0.147,0.304,,
20220701,euribor3m,0.037,0.276,0.582,,
20220801,euribor3m,0.395,0.358,0.943,,
20220901,euribor3m,1.011,0.616,1.556,,
20221001,euribor3m,1.428,0.417,1.978,,
20221101,euribor3m,1.825,0.397,2.392,,
20221201,euribor3m,2.063,0.238,2.645,,
20230101,euribor3m,2.345,0.282,2.905,,
20230201,euribor3m,2.64,0.295,3.171,,
20230301,euribor3m,2.911,0.271,3.406,,
20230401,euribor3m,3.179,0.268,3.627,,
20230501,euribor3m,3.372,0.193,3.758,,
20230601,euribor3m,3.536,0.164,3.775,,
20230701,euribor3m,3.672,0.136,3.635,,
20230801,euribor3m,3.78,0.108,3.385,,
20230901,euribor3m,3.88,0.1,2.869,,
20231001,euribor3m,3.968,0.088,2.54,,
20231101,euribor3m,3.972,0.004,2.147,,
20231201,euribor3m,3.935,-0.037,1.872,,
20240101,euribor3m,3.925,-0.01,1.58,,
20240201,euribor3m,3.923,-0.002,1.283,,
20240301,euribor3m,3.923,0.0,1.012,,
20240401,euribor3m,3.885,-0.038,0.706,,
20240501,euribor3m,3.813,-0.072,0.441,,
20240601,euribor3m,3.724,-0.089,0.188,,
20240701,euribor3m,3.685,-0.039,0.013,,
20240801,euribor3m,3.548,-0.137,-0.232,,
20240901,euribor3m,3.434,-0.114,-0.446,,
20241001,euribor3m,3.167,-0.267,-0.801,,
20241101,euribor3m,3.007,-0.16,-0.965,,
20241201,euribor3m,2.825,-0.182,-1.11,,
20250101,euribor3m,2.704,-0.121,-1.221,,
20250201,euribor3m,2.525,-0.179,-1.398,,
20250301,euribor3m,2.442,-0.083,-1.481,,
20250401,euribor3m,2.249,-0.193,-1.636,,
20250501,euribor3m,2.087,-0.162,-1.726,,
20250601,euribor3m,1.984,-0.103,-1.74,,
20250701,euribor3m,1.986,0.002,-1.699,,
20250801,euribor3m,2.021,0.035,-1.527,,
20250901,euribor3m,2.027,0.006,-1.407,,
20251001,euribor3m,2.034,0.007,-1.133,,
20251101,euribor3m,2.042,0.008,-0.965,,
20251201,euribor3m,2.048,0.006,-0.777,,
20260101,euribor3m,2.028,-0.02,-0.676,,
20260201,euribor3m,2.011,-0.017,-0.514,,
20260301,euribor3m,2.109,0.098,-0.333,,
20260401,euribor3m,2.175,0.066,-0.074,,
20260501,euribor3m,2.226,0.051,0.139,,
20260601,euribor3m,2.339,0.113,0.355,,
20260701,euribor3m,2.425,0.086,0.439,,
20260801,euribor3m,2.513,0.088,0.492,,
20260901,euribor3m,2.635,0.122,0.608,,
20150101,eurinr,72.214,,,,
20150201,eurinr,70.436,-1.778,,-2.4621,
20150301,eurinr,67.739,-2.697,,-3.829,
20150401,eurinr,67.643,-0.096,,-0.1417,
20150501,eurinr,71.115,3.472,,5.1328,
20150601,eurinr,71.587,0.472,,0.6637,
20150701,eurinr,69.996,-1.591,,-2.2225,
20150801,eurinr,72.536,2.54,,3.6288,
20150901,eurinr,74.299,1.763,,2.4305,
20151001,eurinr,73.112,-1.187,,-1.5976,
20151101,eurinr,71.041,-2.071,,-2.8326,
20151201,eurinr,72.385,1.344,,1.8919,
20160101,eurinr,73.204,0.819,0.99,1.1314,1.3709
20160201,eurinr,75.717,2.513,5.281,3.4329,7.4976
20160301,eurinr,74.302,-1.415,6.563,-1.8688,9.6887
20160401,eurinr,75.382,1.08,7.739,1.4535,11.4409
20160501,eurinr,75.702,0.32,4.587,0.4245,6.4501
20160601,eurinr,75.559,-0.143,3.972,-0.1889,5.5485
20160701,eurinr,74.374,-1.185,4.378,-1.5683,6.2546
20160801,eurinr,75.03,0.656,2.494,0.882,3.4383
20160901,eurinr,74.822,-0.208,0.523,-0.2772,0.7039
20161001,eurinr,73.578,-1.244,0.466,-1.6626,0.6374
20161101,eurinr,73.055,-0.523,2.014,-0.7108,2.835
20161201,eurinr,71.539,-1.516,-0.846,-2.0751,-1.1688
20170101,eurinr,72.282,0.743,-0.922,1.0386,-1.2595
20170201,eurinr,71.291,-0.991,-4.426,-1.371,-5.8455
20170301,eurinr,70.324,-0.967,-3.978,-1.3564,-5.3538
20170401,eurinr,69.202,-1.122,-6.18,-1.5955,-8.1982
20170501,eurinr,71.268,2.066,-4.434,2.9855,-5.8572
20170601,eurinr,72.38,1.112,-3.179,1.5603,-4.2073
20170701,eurinr,74.194,1.814,-0.18,2.5062,-0.242
20170801,eurinr,75.546,1.352,0.516,1.8222,0.6877
20170901,eurinr,76.8,1.254,1.978,1.6599,2.6436
20171001,eurinr,76.498,-0.302,2.92,-0.3932,3.9686
20171101,eurinr,76.125,-0.373,3.07,-0.4876,4.2023
20171201,eurinr,76.066,-0.059,4.527,-0.0775,6.328
20180101,eurinr,77.656,1.59,5.374,2.0903,7.4348
20180201,eurinr,79.561,1.905,8.27,2.4531,11.6003
20180301,eurinr,80.253,0.692,9.929,0.8698,14.1189
20180401,eurinr,80.655,0.402,11.453,0.5009,16.5501
20180501,eurinr,79.789,-0.866,8.521,-1.0737,11.9563
20180601,eurinr,79.16,-0.629,6.78,-0.7883,9.3672
20180701,eurinr,80.3,1.14,6.106,1.4401,8.2298
20180801,eurinr,80.426,0.126,4.88,0.1569,6.4596
20180901,eurinr,84.211,3.785,7.411,4.7062,9.6497
20181001,eurinr,84.545,0.334,8.047,0.3966,10.5192
20181101,eurinr,81.561,-2.984,5.436,-3.5295,7.1409
20181201,eurinr,80.617,-0.944,4.551,-1.1574,5.983
20190101,eurinr,80.798,0.181,3.142,0.2245,4.046
20190201,eurinr,80.86,0.062,1.299,0.0767,1.6327
20190301,eurinr,78.561,-2.299,-1.692,-2.8432,-2.1083
20190401,eurinr,78.003,-0.558,-2.652,-0.7103,-3.2881
20190501,eurinr,78.08,0.077,-1.709,0.0987,-2.1419
20190601,eurinr,78.408,0.328,-0.752,0.4201,-0.95
20190701,eurinr,77.128,-1.28,-3.172,-1.6325,-3.9502
20190801,eurinr,79.19,2.062,-1.236,2.6735,-1.5368
20190901,eurinr,78.568,-0.622,-5.643,-0.7855,-6.701
20191001,eurinr,78.518,-0.05,-6.027,-0.0636,-7.1287
20191101,eurinr,78.98,0.462,-2.581,0.5884,-3.1645
20191201,eurinr,79.109,0.129,-1.508,0.1633,-1.8706
20200101,eurinr,79.134,0.025,-1.664,0.0316,-2.0595
20200201,eurinr,77.982,-1.152,-2.878,-1.4558,-3.5592
20200301,eurinr,82.437,4.455,3.876,5.7129,4.9337
20200401,eurinr,82.787,0.35,4.784,0.4246,6.1331
20200501,eurinr,82.498,-0.289,4.418,-0.3491,5.6583
20200601,eurinr,85.221,2.723,6.813,3.3007,8.6892
20200701,eurinr,85.885,0.664,8.757,0.7792,11.3539
20200801,eurinr,88.231,2.346,9.041,2.7316,11.4168
20200901,eurinr,86.727,-1.504,8.159,-1.7046,10.3846
20201001,eurinr,86.589,-0.138,8.071,-0.1591,10.2792
20201101,eurinr,87.855,1.266,8.875,1.4621,11.237
20201201,eurinr,89.608,1.753,10.499,1.9953,13.2716
20210101,eurinr,88.994,-0.614,9.86,-0.6852,12.4599
20210201,eurinr,88.076,-0.918,10.094,-1.0315,12.944
20210301,eurinr,86.655,-1.421,4.218,-1.6134,5.1166
20210401,eurinr,89.421,2.766,6.634,3.192,8.0133
20210501,eurinr,88.917,-0.504,6.419,-0.5636,7.7808
20210601,eurinr,88.63,-0.287,3.409,-0.3228,4.0002
20210701,eurinr,88.113,-0.517,2.228,-0.5833,2.5942
20210801,eurinr,87.257,-0.856,-0.974,-0.9715,-1.1039
20210901,eurinr,86.633,-0.624,-0.094,-0.7151,-0.1084
20211001,eurinr,86.957,0.324,0.368,0.374,0.425
20211101,eurinr,85.004,-1.953,-2.851,-2.2459,-3.2451
20211201,eurinr,85.176,0.172,-4.432,0.2023,-4.946
20220101,eurinr,84.227,-0.949,-4.767,-1.1142,-5.3565
20220201,eurinr,85.031,0.804,-3.045,0.9546,-3.4572
20220301,eurinr,83.993,-1.038,-2.662,-1.2207,-3.072
20220401,eurinr,82.403,-1.59,-7.018,-1.893,-7.8483
20220501,eurinr,81.783,-0.62,-7.134,-0.7524,-8.0232
20220601,eurinr,82.511,0.728,-6.119,0.8902,-6.904
20220701,eurinr,81.018,-1.493,-7.095,-1.8095,-8.0522
20220801,eurinr,80.556,-0.462,-6.701,-0.5702,-7.6796
20220901,eurinr,79.456,-1.1,-7.177,-1.3655,-8.2844
20221001,eurinr,80.918,1.462,-6.039,1.84,-6.9448
20221101,eurinr,83.338,2.42,-1.666,2.9907,-1.9599
20221201,eurinr,87.338,4.0,2.162,4.7997,2.5383
20230101,eurinr,88.144,0.806,3.917,0.9229,4.6505
20230201,eurinr,88.5,0.356,3.469,0.4039,4.0797
20230301,eurinr,88.116,-0.384,4.123,-0.4339,4.9087
20230401,eurinr,89.931,1.815,7.528,2.0598,9.1356
20230501,eurinr,89.46,-0.471,7.677,-0.5237,9.387
20230601,eurinr,89.113,-0.347,6.602,-0.3879,8.0014
20230701,eurinr,90.839,1.726,9.821,1.9369,12.122
20230801,eurinr,90.352,-0.487,9.796,-0.5361,12.1605
20230901,eurinr,88.737,-1.615,9.281,-1.7875,11.6807
20231001,eurinr,87.894,-0.843,6.976,-0.95,8.6211
20231101,eurinr,90.01,2.116,6.672,2.4074,8.006
20231201,eurinr,90.801,0.791,3.463,0.8788,3.9651
20240101,eurinr,90.635,-0.166,2.491,-0.1828,2.8261
20240201,eurinr,89.561,-1.074,1.061,-1.185,1.1989
20240301,eurinr,90.252,0.691,2.136,0.7715,2.4241
20240401,eurinr,89.468,-0.784,-0.463,-0.8687,-0.5148
20240501,eurinr,90.157,0.689,0.697,0.7701,0.7791
20240601,eurinr,89.811,-0.346,0.698,-0.3838,0.7833
20240701,eurinr,90.656,0.845,-0.183,0.9409,-0.2015
20240801,eurinr,92.406,1.75,2.054,1.9304,2.2733
20240901,eurinr,93.081,0.675,4.344,0.7305,4.8954
20241001,eurinr,91.627,-1.454,3.733,-1.5621,4.2472
20241101,eurinr,89.672,-1.955,-0.338,-2.1337,-0.3755
20241201,eurinr,89.045,-0.627,-1.756,-0.6992,-1.9339
20250101,eurinr,89.342,0.297,-1.293,0.3335,-1.4266
20250201,eurinr,90.635,1.293,1.074,1.4472,1.1992
20250301,eurinr,93.499,2.864,3.247,3.1599,3.5977
20250401,eurinr,95.972,2.473,6.504,2.6449,7.2696
20250501,eurinr,96.143,0.171,5.986,0.1782,6.6395
20250601,eurinr,98.978,2.835,9.167,2.9487,10.207
20250701,eurinr,100.604,1.626,9.948,1.6428,10.9733
20250801,eurinr,101.842,1.238,9.436,1.2306,10.2115
20250901,eurinr,103.602,1.76,10.521,1.7282,11.3031
20251001,eurinr,102.835,-0.767,11.208,-0.7403,12.2322
20251101,eurinr,102.71,-0.125,13.038,-0.1216,14.5397
20251201,eurinr,105.413,2.703,16.368,2.6317,18.3817
20260101,eurinr,106.683,1.27,17.341,1.2048,19.4097
20260201,eurinr,107.32,0.637,16.685,0.5971,18.409
20260301,eurinr,107.345,0.025,13.846,0.0233,14.8087
20260401,eurinr,109.483,2.138,13.511,1.9917,14.0781
20260501,eurinr,111.537,2.054,15.394,1.8761,16.0116
20260601,eurinr,109.345,-2.192,10.367,-1.9653,10.474
20260701,eurinr,109.416,0.071,8.812,0.0649,8.7591
20260801,eurinr,110.653,1.237,8.811,1.1305,8.6516
20260901,eurinr,109.914,-0.739,6.312,-0.6679,6.0925
20150101,eurusd,1.162,,,,
20150201,eurusd,1.135,-0.027,,-2.3236,
20150301,eurusd,1.084,-0.051,,-4.4934,
20150401,eurusd,1.078,-0.006,,-0.5535,
20150501,eurusd,1.115,0.037,,3.4323,
20150601,eurusd,1.121,0.006,,0.5381,
20150701,eurusd,1.1,-0.021,,-1.8733,
20150801,eurusd,1.114,0.014,,1.2727,
20150901,eurusd,1.122,0.008,,0.7181,
20151001,eurusd,1.124,0.002,,0.1783,
20151101,eurusd,1.074,-0.05,,-4.4484,
20151201,eurusd,1.088,0.014,,1.3035,
20160101,eurusd,1.086,-0.002,-0.076,-0.1838,-6.5404
20160201,eurusd,1.109,0.023,-0.026,2.1179,-2.2907
20160301,eurusd,1.11,0.001,0.026,0.0902,2.3985
20160401,eurusd,1.134,0.024,0.056,2.1622,5.1948
20160501,eurusd,1.131,-0.003,0.016,-0.2646,1.435
20160601,eurusd,1.123,-0.008,0.002,-0.7073,0.1784
20160701,eurusd,1.107,-0.016,0.007,-1.4248,0.6364
20160801,eurusd,1.121,0.014,0.007,1.2647,0.6284
20160901,eurusd,1.121,0.0,-0.001,0.0,-0.0891
20161001,eurusd,1.103,-0.018,-0.021,-1.6057,-1.8683
20161101,eurusd,1.08,-0.023,0.006,-2.0852,0.5587
20161201,eurusd,1.054,-0.026,-0.034,-2.4074,-3.125
20170101,eurusd,1.061,0.007,-0.025,0.6641,-2.302
20170201,eurusd,1.064,0.003,-0.045,0.2828,-4.0577
20170301,eurusd,1.068,0.004,-0.042,0.3759,-3.7838
20170401,eurusd,1.072,0.004,-0.062,0.3745,-5.4674
20170501,eurusd,1.106,0.034,-0.025,3.1716,-2.2104
20170601,eurusd,1.123,0.017,0.0,1.5371,0.0
20170701,eurusd,1.151,0.028,0.044,2.4933,3.9747
20170801,eurusd,1.181,0.03,0.06,2.6064,5.3524
20170901,eurusd,1.191,0.01,0.07,0.8467,6.2444
20171001,eurusd,1.176,-0.015,0.073,-1.2594,6.6183
20171101,eurusd,1.174,-0.002,0.094,-0.1701,8.7037
20171201,eurusd,1.184,0.01,0.13,0.8518,12.334
20180101,eurusd,1.22,0.036,0.159,3.0405,14.9859
20180201,eurusd,1.235,0.015,0.171,1.2295,16.0714
20180301,eurusd,1.234,-0.001,0.166,-0.081,15.5431
20180401,eurusd,1.228,-0.006,0.156,-0.4862,14.5522
20180501,eurusd,1.181,-0.047,0.075,-3.8274,6.7812
20180601,eurusd,1.168,-0.013,0.045,-1.1008,4.0071
20180701,eurusd,1.169,0.001,0.018,0.0856,1.5639
20180801,eurusd,1.155,-0.014,-0.026,-1.1976,-2.2015
20180901,eurusd,1.166,0.011,-0.025,0.9524,-2.0991
20181001,eurusd,1.148,-0.018,-0.028,-1.5437,-2.381
20181101,eurusd,1.137,-0.011,-0.037,-0.9582,-3.1516
20181201,eurusd,1.138,0.001,-0.046,0.088,-3.8851
20190101,eurusd,1.142,0.004,-0.078,0.3515,-6.3934
20190201,eurusd,1.135,-0.007,-0.1,-0.613,-8.0972
20190301,eurusd,1.13,-0.005,-0.104,-0.4405,-8.4279
20190401,eurusd,1.124,-0.006,-0.104,-0.531,-8.4691
20190501,eurusd,1.118,-0.006,-0.063,-0.5338,-5.3345
20190601,eurusd,1.129,0.011,-0.039,0.9839,-3.339
20190701,eurusd,1.122,-0.007,-0.047,-0.62,-4.0205
20190801,eurusd,1.113,-0.009,-0.042,-0.8021,-3.6364
20190901,eurusd,1.1,-0.013,-0.066,-1.168,-5.6604
20191001,eurusd,1.105,0.005,-0.043,0.4545,-3.7456
20191101,eurusd,1.105,0.0,-0.032,0.0,-2.8144
20191201,eurusd,1.111,0.006,-0.027,0.543,-2.3726
20200101,eurusd,1.11,-0.001,-0.032,-0.09,-2.8021
20200201,eurusd,1.091,-0.019,-0.044,-1.7117,-3.8767
20200301,eurusd,1.106,0.015,-0.024,1.3749,-2.1239
20200401,eurusd,1.086,-0.02,-0.038,-1.8083,-3.3808
20200501,eurusd,1.09,0.004,-0.028,0.3683,-2.5045
20200601,eurusd,1.125,0.035,-0.004,3.211,-0.3543
20200701,eurusd,1.146,0.021,0.024,1.8667,2.139
20200801,eurusd,1.183,0.037,0.07,3.2286,6.2893
20200901,eurusd,1.179,-0.004,0.079,-0.3381,7.1818
20201001,eurusd,1.178,-0.001,0.073,-0.0848,6.6063
20201101,eurusd,1.184,0.006,0.079,0.5093,7.1493
20201201,eurusd,1.217,0.033,0.106,2.7872,9.541
20210101,eurusd,1.217,0.0,0.107,0.0,9.6396
20210201,eurusd,1.21,-0.007,0.119,-0.5752,10.9074
20210301,eurusd,1.19,-0.02,0.084,-1.6529,7.5949
20210401,eurusd,1.198,0.008,0.112,0.6723,10.3131
20210501,eurusd,1.215,0.017,0.125,1.419,11.4679
20210601,eurusd,1.205,-0.01,0.08,-0.823,7.1111
20210701,eurusd,1.182,-0.023,0.036,-1.9087,3.1414
20210801,eurusd,1.177,-0.005,-0.006,-0.423,-0.5072
20210901,eurusd,1.177,0.0,-0.002,0.0,-0.1696
20211001,eurusd,1.16,-0.017,-0.018,-1.4444,-1.528
20211101,eurusd,1.141,-0.019,-0.043,-1.6379,-3.6318
20211201,eurusd,1.13,-0.011,-0.087,-0.9641,-7.1487
20220101,eurusd,1.131,0.001,-0.086,0.0885,-7.0666
20220201,eurusd,1.134,0.003,-0.076,0.2653,-6.281
20220301,eurusd,1.102,-0.032,-0.088,-2.8219,-7.395
20220401,eurusd,1.082,-0.02,-0.116,-1.8149,-9.6828
20220501,eurusd,1.058,-0.024,-0.157,-2.2181,-12.9218
20220601,eurusd,1.057,-0.001,-0.148,-0.0945,-12.2822
20220701,eurusd,1.018,-0.039,-0.164,-3.6897,-13.8748
20220801,eurusd,1.013,-0.005,-0.164,-0.4912,-13.9337
20220901,eurusd,0.99,-0.023,-0.187,-2.2705,-15.8879
20221001,eurusd,0.983,-0.007,-0.177,-0.7071,-15.2586
20221101,eurusd,1.02,0.037,-0.121,3.764,-10.6047
20221201,eurusd,1.059,0.039,-0.071,3.8235,-6.2832
20230101,eurusd,1.077,0.018,-0.054,1.6997,-4.7745
20230201,eurusd,1.072,-0.005,-0.062,-0.4643,-5.4674
20230301,eurusd,1.071,-0.001,-0.031,-0.0933,-2.8131
20230401,eurusd,1.097,0.026,0.015,2.4276,1.3863
20230501,eurusd,1.087,-0.01,0.029,-0.9116,2.741
20230601,eurusd,1.084,-0.003,0.027,-0.276,2.5544
20230701,eurusd,1.106,0.022,0.088,2.0295,8.6444
20230801,eurusd,1.091,-0.015,0.078,-1.3562,7.6999
20230901,eurusd,1.068,-0.023,0.078,-2.1082,7.8788
20231001,eurusd,1.056,-0.012,0.073,-1.1236,7.4262
20231101,eurusd,1.081,0.025,0.061,2.3674,5.9804
20231201,eurusd,1.09,0.009,0.031,0.8326,2.9273
20240101,eurusd,1.091,0.001,0.014,0.0917,1.2999
20240201,eurusd,1.079,-0.012,0.007,-1.0999,0.653
20240301,eurusd,1.087,0.008,0.016,0.7414,1.4939
20240401,eurusd,1.073,-0.014,-0.024,-1.2879,-2.1878
20240501,eurusd,1.081,0.008,-0.006,0.7456,-0.552
20240601,eurusd,1.076,-0.005,-0.008,-0.4625,-0.738
20240701,eurusd,1.084,0.008,-0.022,0.7435,-1.9892
20240801,eurusd,1.101,0.017,0.01,1.5683,0.9166
20240901,eurusd,1.111,0.01,0.043,0.9083,4.0262
20241001,eurusd,1.09,-0.021,0.034,-1.8902,3.2197
20241101,eurusd,1.063,-0.027,-0.018,-2.4771,-1.6651
20241201,eurusd,1.048,-0.015,-0.042,-1.4111,-3.8532
20250101,eurusd,1.035,-0.013,-0.056,-1.2405,-5.1329
20250201,eurusd,1.041,0.006,-0.038,0.5797,-3.5218
20250301,eurusd,1.081,0.04,-0.006,3.8425,-0.552
20250401,eurusd,1.121,0.04,0.048,3.7003,4.4734
20250501,eurusd,1.128,0.007,0.047,0.6244,4.3478
20250601,eurusd,1.152,0.024,0.076,2.1277,7.0632
20250701,eurusd,1.168,0.016,0.084,1.3889,7.7491
20250801,eurusd,1.163,-0.005,0.062,-0.4281,5.6312
20250901,eurusd,1.173,0.01,0.062,0.8598,5.5806
20251001,eurusd,1.163,-0.01,0.073,-0.8525,6.6972
20251101,eurusd,1.156,-0.007,0.093,-0.6019,8.7488
20251201,eurusd,1.171,0.015,0.123,1.2976,11.7366
20260101,eurusd,1.174,0.003,0.139,0.2562,13.43
20260201,eurusd,1.182,0.008,0.141,0.6814,13.5447
20260301,eurusd,1.156,-0.026,0.075,-2.1997,6.938
20260401,eurusd,1.171,0.015,0.05,1.2976,4.4603
20260501,eurusd,1.167,-0.004,0.039,-0.3416,3.4574
20260601,eurusd,1.152,-0.015,0.0,-1.2853,0.0
20260701,eurusd,1.142,-0.01,-0.026,-0.8681,-2.226
20260801,eurusd,1.159,0.017,-0.004,1.4886,-0.3439
20260901,eurusd,1.151,-0.008,-0.022,-0.6903,-1.8755
20150101,fr10y,0.67,,,,
20150201,fr10y,0.6,-0.07,,,
20150301,fr10y,0.51,-0.09,,,
20150401,fr10y,0.44,-0.07,,,
20150501,fr10y,0.89,0.45,,,
20150601,fr10y,1.2,0.31,,,
20150701,fr10y,1.11,-0.09,,,
20150801,fr10y,1.01,-0.1,,,
20150901,fr10y,1.0,-0.01,,,
20151001,fr10y,0.87,-0.13,,,
20151101,fr10y,0.88,0.01,,,
20151201,fr10y,0.93,0.05,,,
20160101,fr10y,0.84,-0.09,0.17,,
20160201,fr10y,0.59,-0.25,-0.01,,
20160301,fr10y,0.51,-0.08,0.0,,
20160401,fr10y,0.51,0.0,0.07,,
20160501,fr10y,0.51,0.0,-0.38,,
20160601,fr10y,0.39,-0.12,-0.81,,
20160701,fr10y,0.17,-0.22,-0.94,,
20160801,fr10y,0.15,-0.02,-0.86,,
20160901,fr10y,0.18,0.03,-0.82,,
20161001,fr10y,0.33,0.15,-0.54,,
20161101,fr10y,0.67,0.34,-0.21,,
20161201,fr10y,0.75,0.08,-0.18,,
20170101,fr10y,0.86,0.11,0.02,,
20170201,fr10y,1.03,0.17,0.44,,
20170301,fr10y,1.02,-0.01,0.51,,
20170401,fr10y,0.88,-0.14,0.37,,
20170501,fr10y,0.81,-0.07,0.3,,
20170601,fr10y,0.66,-0.15,0.27,,
20170701,fr10y,0.84,0.18,0.67,,
20170801,fr10y,0.71,-0.13,0.56,,
20170901,fr10y,0.7,-0.01,0.52,,
20171001,fr10y,0.81,0.11,0.48,,
20171101,fr10y,0.72,-0.09,0.05,,
20171201,fr10y,0.67,-0.05,-0.08,,
20180101,fr10y,0.85,0.18,-0.01,,
20180201,fr10y,0.98,0.13,-0.05,,
20180301,fr10y,0.83,-0.15,-0.19,,
20180401,fr10y,0.78,-0.05,-0.1,,
20180501,fr10y,0.79,0.01,-0.02,,
20180601,fr10y,0.75,-0.04,0.09,,
20180701,fr10y,0.67,-0.08,-0.17,,
20180801,fr10y,0.7,0.03,-0.01,,
20180901,fr10y,0.77,0.07,0.07,,
20181001,fr10y,0.82,0.05,0.01,,
20181101,fr10y,0.76,-0.06,0.04,,
20181201,fr10y,0.7,-0.06,0.03,,
20190101,fr10y,0.65,-0.05,-0.2,,
20190201,fr10y,0.55,-0.1,-0.43,,
20190301,fr10y,0.44,-0.11,-0.39,,
20190401,fr10y,0.37,-0.07,-0.41,,
20190501,fr10y,0.3,-0.07,-0.49,,
20190601,fr10y,0.08,-0.22,-0.67,,
20190701,fr10y,-0.07,-0.15,-0.74,,
20190801,fr10y,-0.34,-0.27,-1.04,,
20190901,fr10y,-0.27,0.07,-1.04,,
20191001,fr10y,-0.16,0.11,-0.98,,
20191101,fr10y,-0.02,0.14,-0.78,,
20191201,fr10y,0.04,0.06,-0.66,,
20200101,fr10y,-0.01,-0.05,-0.66,,
20200201,fr10y,-0.18,-0.17,-0.73,,
20200301,fr10y,-0.05,0.13,-0.49,,
20200401,fr10y,0.06,0.11,-0.31,,
20200501,fr10y,-0.03,-0.09,-0.33,,
20200601,fr10y,-0.04,-0.01,-0.12,,
20200701,fr10y,-0.15,-0.11,-0.08,,
20200801,fr10y,-0.17,-0.02,0.17,,
20200901,fr10y,-0.21,-0.04,0.06,,
20201001,fr10y,-0.3,-0.09,-0.14,,
20201101,fr10y,-0.32,-0.02,-0.3,,
20201201,fr10y,-0.34,-0.02,-0.38,,
20210101,fr10y,-0.31,0.03,-0.3,,
20210201,fr10y,-0.15,0.16,0.03,,
20210301,fr10y,-0.07,0.08,-0.02,,
20210401,fr10y,-0.01,0.06,-0.07,,
20210501,fr10y,0.21,0.22,0.24,,
20210601,fr10y,0.15,-0.06,0.19,,
20210701,fr10y,-0.01,-0.16,0.14,,
20210801,fr10y,-0.12,-0.11,0.05,,
20210901,fr10y,0.04,0.16,0.25,,
20211001,fr10y,0.2,0.16,0.5,,
20211101,fr10y,0.1,-0.1,0.42,,
20211201,fr10y,0.05,-0.05,0.39,,
20220101,fr10y,0.31,0.26,0.62,,
20220201,fr10y,0.68,0.37,0.83,,
20220301,fr10y,0.78,0.1,0.85,,
20220401,fr10y,1.28,0.5,1.29,,
20220501,fr10y,1.52,0.24,1.31,,
20220601,fr10y,2.06,0.54,1.91,,
20220701,fr10y,1.71,-0.35,1.72,,
20220801,fr10y,1.69,-0.02,1.81,,
20220901,fr10y,2.41,0.72,2.37,,
20221001,fr10y,2.77,0.36,2.57,,
20221101,fr10y,2.58,-0.19,2.48,,
20221201,fr10y,2.62,0.04,2.57,,
20230101,fr10y,2.69,0.07,2.38,,
20230201,fr10y,2.87,0.18,2.19,,
20230301,fr10y,2.92,0.05,2.14,,
20230401,fr10y,2.9,-0.02,1.62,,
20230501,fr10y,2.94,0.04,1.42,,
20230601,fr10y,2.93,-0.01,0.87,,
20230701,fr10y,3.04,0.11,1.33,,
20230801,fr10y,3.11,0.07,1.42,,
20230901,fr10y,3.24,0.13,0.83,,
20231001,fr10y,3.45,0.21,0.68,,
20231101,fr10y,3.19,-0.26,0.61,,
20231201,fr10y,2.65,-0.54,0.03,,
20240101,fr10y,2.74,0.09,0.05,,
20240201,fr10y,2.85,0.11,-0.02,,
20240301,fr10y,2.82,-0.03,-0.1,,
20240401,fr10y,2.97,0.15,0.07,,
20240501,fr10y,3.03,0.06,0.09,,
20240601,fr10y,3.15,0.12,0.22,,
20240701,fr10y,3.14,-0.01,0.1,,
20240801,fr10y,2.94,-0.2,-0.17,,
20240901,fr10y,2.9,-0.04,-0.34,,
20241001,fr10y,2.99,0.09,-0.46,,
20241101,fr10y,3.09,0.1,-0.1,,
20241201,fr10y,3.01,-0.08,0.36,,
20250101,fr10y,3.32,0.31,0.58,,
20250201,fr10y,3.15,-0.17,0.3,,
20250301,fr10y,3.43,0.28,0.61,,
20250401,fr10y,3.26,-0.17,0.29,,
20250501,fr10y,3.26,0.0,0.23,,
20250601,fr10y,3.24,-0.02,0.09,,
20250701,fr10y,3.36,0.12,0.22,,
20250801,fr10y,3.42,0.06,0.48,,
20250901,fr10y,3.51,0.09,0.61,,
20251001,fr10y,3.44,-0.07,0.45,,
20251101,fr10y,3.44,0.0,0.35,,
20251201,fr10y,3.56,0.12,0.55,,
20260101,fr10y,3.53,-0.03,0.21,,
20260201,fr10y,3.4,-0.13,0.25,,
20260301,fr10y,3.64,0.24,0.21,,
20260401,fr10y,3.73,0.09,0.47,,
20260501,fr10y,3.74,0.01,0.48,,
20260601,fr10y,3.68,-0.06,0.44,,
20260701,fr10y,3.85,0.17,0.49,,
20260801,fr10y,4.0,0.15,0.58,,
20150101,hicp,-0.6,,,,
20150201,hicp,-0.3,0.3,,,
20150301,hicp,-0.1,0.2,,,
20150401,hicp,0.2,0.3,,,
20150501,hicp,0.6,0.4,,,
20150601,hicp,0.5,-0.1,,,
20150701,hicp,0.5,0.0,,,
20150801,hicp,0.4,-0.1,,,
20150901,hicp,0.2,-0.2,,,
20151001,hicp,0.4,0.2,,,
20151101,hicp,0.1,-0.3,,,
20151201,hicp,0.3,0.2,,,
20160101,hicp,0.3,0.0,0.9,,
20160201,hicp,-0.1,-0.4,0.2,,
20160301,hicp,0.0,0.1,0.1,,
20160401,hicp,-0.3,-0.3,-0.5,,
20160501,hicp,-0.1,0.2,-0.7,,
20160601,hicp,0.0,0.1,-0.5,,
20160701,hicp,0.2,0.2,-0.3,,
20160801,hicp,0.2,0.0,-0.2,,
20160901,hicp,0.4,0.2,0.2,,
20161001,hicp,0.5,0.1,0.1,,
20161101,hicp,0.6,0.1,0.5,,
20161201,hicp,1.1,0.5,0.8,,
20170101,hicp,1.7,0.6,1.4,,
20170201,hicp,2.0,0.3,2.1,,
20170301,hicp,1.5,-0.5,1.5,,
20170401,hicp,1.9,0.4,2.2,,
20170501,hicp,1.4,-0.5,1.5,,
20170601,hicp,1.3,-0.1,1.3,,
20170701,hicp,1.3,0.0,1.1,,
20170801,hicp,1.5,0.2,1.3,,
20170901,hicp,1.6,0.1,1.2,,
20171001,hicp,1.4,-0.2,0.9,,
20171101,hicp,1.5,0.1,0.9,,
20171201,hicp,1.3,-0.2,0.2,,
20180101,hicp,1.3,0.0,-0.4,,
20180201,hicp,1.1,-0.2,-0.9,,
20180301,hicp,1.4,0.3,-0.1,,
20180401,hicp,1.2,-0.2,-0.7,,
20180501,hicp,2.0,0.8,0.6,,
20180601,hicp,2.0,0.0,0.7,,
20180701,hicp,2.2,0.2,0.9,,
20180801,hicp,2.1,-0.1,0.6,,
20180901,hicp,2.1,0.0,0.5,,
20181001,hicp,2.3,0.2,0.9,,
20181101,hicp,1.9,-0.4,0.4,,
20181201,hicp,1.5,-0.4,0.2,,
20190101,hicp,1.4,-0.1,0.1,,
20190201,hicp,1.5,0.1,0.4,,
20190301,hicp,1.4,-0.1,0.0,,
20190401,hicp,1.7,0.3,0.5,,
20190501,hicp,1.2,-0.5,-0.8,,
20190601,hicp,1.3,0.1,-0.7,,
20190701,hicp,1.0,-0.3,-1.2,,
20190801,hicp,1.0,0.0,-1.1,,
20190901,hicp,0.8,-0.2,-1.3,,
20191001,hicp,0.7,-0.1,-1.6,,
20191101,hicp,1.0,0.3,-0.9,,
20191201,hicp,1.3,0.3,-0.2,,
20200101,hicp,1.4,0.1,0.0,,
20200201,hicp,1.2,-0.2,-0.3,,
20200301,hicp,0.7,-0.5,-0.7,,
20200401,hicp,0.3,-0.4,-1.4,,
20200501,hicp,0.1,-0.2,-1.1,,
20200601,hicp,0.3,0.2,-1.0,,
20200701,hicp,0.4,0.1,-0.6,,
20200801,hicp,-0.2,-0.6,-1.2,,
20200901,hicp,-0.3,-0.1,-1.1,,
20201001,hicp,-0.3,0.0,-1.0,,
20201101,hicp,-0.3,0.0,-1.3,,
20201201,hicp,-0.3,0.0,-1.6,,
20210101,hicp,0.9,1.2,-0.5,,
20210201,hicp,0.9,0.0,-0.3,,
20210301,hicp,1.3,0.4,0.6,,
20210401,hicp,1.6,0.3,1.3,,
20210501,hicp,2.0,0.4,1.9,,
20210601,hicp,1.9,-0.1,1.6,,
20210701,hicp,2.2,0.3,1.8,,
20210801,hicp,3.0,0.8,3.2,,
20210901,hicp,3.4,0.4,3.7,,
20211001,hicp,4.1,0.7,4.4,,
20211101,hicp,4.9,0.8,5.2,,
20211201,hicp,5.0,0.1,5.3,,
20220101,hicp,5.1,0.1,4.2,,
20220201,hicp,5.9,0.8,5.0,,
20220301,hicp,7.4,1.5,6.1,,
20220401,hicp,7.4,0.0,5.8,,
20220501,hicp,8.1,0.7,6.1,,
20220601,hicp,8.6,0.5,6.7,,
20220701,hicp,8.9,0.3,6.7,,
20220801,hicp,9.1,0.2,6.1,,
20220901,hicp,9.9,0.8,6.5,,
20221001,hicp,10.6,0.7,6.5,,
20221101,hicp,10.1,-0.5,5.2,,
20221201,hicp,9.2,-0.9,4.2,,
20230101,hicp,8.6,-0.6,3.5,,
20230201,hicp,8.5,-0.1,2.6,,
20230301,hicp,6.9,-1.6,-0.5,,
20230401,hicp,7.0,0.1,-0.4,,
20230501,hicp,6.1,-0.9,-2.0,,
20230601,hicp,5.5,-0.6,-3.1,,
20230701,hicp,5.3,-0.2,-3.6,,
20230801,hicp,5.2,-0.1,-3.9,,
20230901,hicp,4.3,-0.9,-5.6,,
20231001,hicp,2.9,-1.4,-7.7,,
20231101,hicp,2.4,-0.5,-7.7,,
20231201,hicp,2.9,0.5,-6.3,,
20240101,hicp,2.8,-0.1,-5.8,,
20240201,hicp,2.6,-0.2,-5.9,,
20240301,hicp,2.4,-0.2,-4.5,,
20240401,hicp,2.4,0.0,-4.6,,
20240501,hicp,2.6,0.2,-3.5,,
20240601,hicp,2.5,-0.1,-3.0,,
20240701,hicp,2.6,0.1,-2.7,,
20240801,hicp,2.2,-0.4,-3.0,,
20240901,hicp,1.7,-0.5,-2.6,,
20241001,hicp,2.0,0.3,-0.9,,
20241101,hicp,2.2,0.2,-0.2,,
20241201,hicp,2.4,0.2,-0.5,,
20250101,hicp,2.5,0.1,-0.3,,
20250201,hicp,2.3,-0.2,-0.3,,
20250301,hicp,2.2,-0.1,-0.2,,
20250401,hicp,2.2,0.0,-0.2,,
20250501,hicp,1.9,-0.3,-0.7,,
20250601,hicp,2.0,0.1,-0.5,,
20250701,hicp,2.0,0.0,-0.6,,
20250801,hicp,2.0,0.0,-0.2,,
20250901,hicp,2.2,0.2,0.5,,
20251001,hicp,2.1,-0.1,0.1,,
20251101,hicp,2.1,0.0,-0.1,,
20251201,hicp,1.9,-0.2,-0.5,,
20150101,it10y,1.702,,,,
20150201,it10y,1.557,-0.145,,,
20150301,it10y,1.294,-0.263,,,
20150401,it10y,1.357,0.063,,,
20150501,it10y,1.812,0.455,,,
20150601,it10y,2.199,0.387,,,
20150701,it10y,2.042,-0.157,,,
20150801,it10y,1.839,-0.203,,,
20150901,it10y,1.92,0.081,,,
20151001,it10y,1.696,-0.224,,,
20151101,it10y,1.57,-0.126,,,
20151201,it10y,1.579,0.009,,,
20160101,it10y,1.534,-0.045,-0.168,,
20160201,it10y,1.558,0.024,0.001,,
20160301,it10y,1.375,-0.183,0.081,,
20160401,it10y,1.442,0.067,0.085,,
20160501,it10y,1.526,0.084,-0.286,,
20160601,it10y,1.453,-0.073,-0.746,,
20160701,it10y,1.227,-0.226,-0.815,,
20160801,it10y,1.176,-0.051,-0.663,,
20160901,it10y,1.266,0.09,-0.654,,
20161001,it10y,1.45,0.184,-0.246,,
20161101,it10y,1.943,0.493,0.373,,
20161201,it10y,1.886,-0.057,0.307,,
20170101,it10y,1.991,0.105,0.457,,
20170201,it10y,2.352,0.361,0.794,,
20170301,it10y,2.401,0.049,1.026,,
20170401,it10y,2.257,-0.144,0.815,,
20170501,it10y,2.194,-0.063,0.668,,
20170601,it10y,2.053,-0.141,0.6,,
20170701,it10y,2.231,0.178,1.004,,
20170801,it10y,2.11,-0.121,0.934,,
20170901,it10y,2.109,-0.001,0.843,,
20171001,it10y,2.074,-0.035,0.624,,
20171101,it10y,1.789,-0.285,-0.154,,
20171201,it10y,1.795,0.006,-0.091,,
20180101,it10y,1.984,0.189,-0.007,,
20180201,it10y,2.081,0.097,-0.271,,
20180301,it10y,1.965,-0.116,-0.436,,
20180401,it10y,1.773,-0.192,-0.484,,
20180501,it10y,2.18,0.407,-0.014,,
20180601,it10y,2.744,0.564,0.691,,
20180701,it10y,2.643,-0.101,0.412,,
20180801,it10y,3.161,0.518,1.051,,
20180901,it10y,2.959,-0.202,0.85,,
20181001,it10y,3.469,0.51,1.395,,
20181101,it10y,3.39,-0.079,1.601,,
20181201,it10y,2.975,-0.415,1.18,,
20190101,it10y,2.77,-0.205,0.786,,
20190201,it10y,2.812,0.042,0.731,,
20190301,it10y,2.69,-0.122,0.725,,
20190401,it10y,2.618,-0.072,0.845,,
20190501,it10y,2.644,0.026,0.464,,
20190601,it10y,2.284,-0.36,-0.46,,
20190701,it10y,1.654,-0.63,-0.989,,
20190801,it10y,1.404,-0.25,-1.757,,
20190901,it10y,0.902,-0.502,-2.057,,
20191001,it10y,1.004,0.102,-2.465,,
20191101,it10y,1.266,0.262,-2.124,,
20191201,it10y,1.37,0.104,-1.605,,
20200101,it10y,1.275,-0.095,-1.495,,
20200201,it10y,0.955,-0.32,-1.857,,
20200301,it10y,1.551,0.596,-1.139,,
20200401,it10y,1.799,0.248,-0.819,,
20200501,it10y,1.762,-0.037,-0.882,,
20200601,it10y,1.455,-0.307,-0.829,,
20200701,it10y,1.196,-0.259,-0.458,,
20200801,it10y,1.032,-0.164,-0.372,,
20200901,it10y,0.981,-0.051,0.079,,
20201001,it10y,0.77,-0.211,-0.234,,
20201101,it10y,0.664,-0.106,-0.602,,
20201201,it10y,0.578,-0.086,-0.792,,
20210101,it10y,0.616,0.038,-0.659,,
20210201,it10y,0.59,-0.026,-0.365,,
20210301,it10y,0.704,0.114,-0.847,,
20210401,it10y,0.797,0.093,-1.002,,
20210501,it10y,0.984,0.187,-0.778,,
20210601,it10y,0.875,-0.109,-0.58,,
20210701,it10y,0.748,-0.127,-0.448,,
20210801,it10y,0.628,-0.12,-0.404,,
20210901,it10y,0.777,0.149,-0.204,,
20211001,it10y,0.955,0.178,0.185,,
20211101,it10y,1.01,0.055,0.346,,
20211201,it10y,1.047,0.037,0.469,,
20220101,it10y,1.346,0.299,0.73,,
20220201,it10y,1.794,0.448,1.204,,
20220301,it10y,1.854,0.06,1.15,,
20220401,it10y,2.436,0.582,1.639,,
20220501,it10y,2.99,0.554,2.006,,
20220601,it10y,3.635,0.645,2.76,,
20220701,it10y,3.359,-0.276,2.611,,
20220801,it10y,3.297,-0.062,2.669,,
20220901,it10y,4.138,0.841,3.361,,
20221001,it10y,4.532,0.394,3.577,,
20221101,it10y,4.243,-0.289,3.233,,
20221201,it10y,4.257,0.014,3.21,,
20230101,it10y,4.243,-0.014,2.897,,
20230201,it10y,4.27,0.027,2.476,,
20230301,it10y,4.24,-0.03,2.386,,
20230401,it10y,4.234,-0.006,1.798,,
20230501,it10y,4.313,0.079,1.323,,
20230601,it10y,4.074,-0.239,0.439,,
20230701,it10y,4.157,0.083,0.798,,
20230801,it10y,4.221,0.064,0.924,,
20230901,it10y,4.513,0.292,0.375,,
20231001,it10y,4.885,0.372,0.353,,
20231101,it10y,4.428,-0.457,0.185,,
20231201,it10y,3.821,-0.607,-0.436,,
20240101,it10y,3.811,-0.01,-0.432,,
20240201,it10y,3.872,0.061,-0.398,,
20240301,it10y,3.696,-0.176,-0.544,,
20240401,it10y,3.856,0.16,-0.378,,
20240501,it10y,3.844,-0.012,-0.469,,
20240601,it10y,3.942,0.098,-0.132,,
20240701,it10y,3.83,-0.112,-0.327,,
20240801,it10y,3.682,-0.148,-0.539,,
20240901,it10y,3.565,-0.117,-0.948,,
20241001,it10y,3.501,-0.064,-1.384,,
20241101,it10y,3.569,0.068,-0.859,,
20241201,it10y,3.321,-0.248,-0.5,,
20250101,it10y,3.676,0.355,-0.135,,
20250201,it10y,3.575,-0.101,-0.297,,
20250301,it10y,3.887,0.312,0.191,,
20250401,it10y,3.712,-0.175,-0.144,,
20250501,it10y,3.629,-0.083,-0.215,,
20250601,it10y,3.501,-0.128,-0.441,,
20250701,it10y,3.537,0.036,-0.293,,
20250801,it10y,3.538,0.001,-0.144,,
20250901,it10y,3.559,0.021,-0.006,,
20251001,it10y,3.442,-0.117,-0.059,,
20251101,it10y,3.459,0.017,-0.11,,
20251201,it10y,3.552,0.093,0.231,,
20260101,it10y,3.492,-0.06,-0.184,,
20260201,it10y,3.388,-0.104,-0.187,,
20260301,it10y,3.733,0.345,-0.154,,
20260401,it10y,3.818,0.085,0.106,,
20260501,it10y,3.839,0.021,0.21,,
20260601,it10y,3.734,-0.105,0.233,,
20260701,it10y,3.881,0.147,0.344,,
20260801,it10y,3.986,0.105,0.448,,
20150101,real_dfr,0.4,,,,
20150201,real_dfr,0.1,-0.3,,,
20150301,real_dfr,-0.1,-0.2,,,
20150401,real_dfr,-0.4,-0.3,,,
20150501,real_dfr,-0.8,-0.4,,,
20150601,real_dfr,-0.7,0.1,,,
20150701,real_dfr,-0.7,0.0,,,
20150801,real_dfr,-0.6,0.1,,,
20150901,real_dfr,-0.4,0.2,,,
20151001,real_dfr,-0.6,-0.2,,,
20151101,real_dfr,-0.3,0.3,,,
20151201,real_dfr,-0.6,-0.3,,,
20160101,real_dfr,-0.6,0.0,-1.0,,
20160201,real_dfr,-0.2,0.4,-0.3,,
20160301,real_dfr,-0.4,-0.2,-0.3,,
20160401,real_dfr,-0.1,0.3,0.3,,
20160501,real_dfr,-0.3,-0.2,0.5,,
20160601,real_dfr,-0.4,-0.1,0.3,,
20160701,real_dfr,-0.6,-0.2,0.1,,
20160801,real_dfr,-0.6,0.0,0.0,,
20160901,real_dfr,-0.8,-0.2,-0.4,,
20161001,real_dfr,-0.9,-0.1,-0.3,,
20161101,real_dfr,-1.0,-0.1,-0.7,,
20161201,real_dfr,-1.5,-0.5,-0.9,,
20170101,real_dfr,-2.1,-0.6,-1.5,,
20170201,real_dfr,-2.4,-0.3,-2.2,,
20170301,real_dfr,-1.9,0.5,-1.5,,
20170401,real_dfr,-2.3,-0.4,-2.2,,
20170501,real_dfr,-1.8,0.5,-1.5,,
20170601,real_dfr,-1.7,0.1,-1.3,,
20170701,real_dfr,-1.7,0.0,-1.1,,
20170801,real_dfr,-1.9,-0.2,-1.3,,
20170901,real_dfr,-2.0,-0.1,-1.2,,
20171001,real_dfr,-1.8,0.2,-0.9,,
20171101,real_dfr,-1.9,-0.1,-0.9,,
20171201,real_dfr,-1.7,0.2,-0.2,,
20180101,real_dfr,-1.7,0.0,0.4,,
20180201,real_dfr,-1.5,0.2,0.9,,
20180301,real_dfr,-1.8,-0.3,0.1,,
20180401,real_dfr,-1.6,0.2,0.7,,
20180501,real_dfr,-2.4,-0.8,-0.6,,
20180601,real_dfr,-2.4,0.0,-0.7,,
20180701,real_dfr,-2.6,-0.2,-0.9,,
20180801,real_dfr,-2.5,0.1,-0.6,,
20180901,real_dfr,-2.5,0.0,-0.5,,
20181001,real_dfr,-2.7,-0.2,-0.9,,
20181101,real_dfr,-2.3,0.4,-0.4,,
20181201,real_dfr,-1.9,0.4,-0.2,,
20190101,real_dfr,-1.8,0.1,-0.1,,
20190201,real_dfr,-1.9,-0.1,-0.4,,
20190301,real_dfr,-1.8,0.1,0.0,,
20190401,real_dfr,-2.1,-0.3,-0.5,,
20190501,real_dfr,-1.6,0.5,0.8,,
20190601,real_dfr,-1.7,-0.1,0.7,,
20190701,real_dfr,-1.4,0.3,1.2,,
20190801,real_dfr,-1.4,0.0,1.1,,
20190901,real_dfr,-1.3,0.1,1.2,,
20191001,real_dfr,-1.2,0.1,1.5,,
20191101,real_dfr,-1.5,-0.3,0.8,,
20191201,real_dfr,-1.8,-0.3,0.1,,
20200101,real_dfr,-1.9,-0.1,-0.1,,
20200201,real_dfr,-1.7,0.2,0.2,,
20200301,real_dfr,-1.2,0.5,0.6,,
20200401,real_dfr,-0.8,0.4,1.3,,
20200501,real_dfr,-0.6,0.2,1.0,,
20200601,real_dfr,-0.8,-0.2,0.9,,
20200701,real_dfr,-0.9,-0.1,0.5,,
20200801,real_dfr,-0.3,0.6,1.1,,
20200901,real_dfr,-0.2,0.1,1.1,,
20201001,real_dfr,-0.2,0.0,1.0,,
20201101,real_dfr,-0.2,0.0,1.3,,
20201201,real_dfr,-0.2,0.0,1.6,,
20210101,real_dfr,-1.4,-1.2,0.5,,
20210201,real_dfr,-1.4,0.0,0.3,,
20210301,real_dfr,-1.8,-0.4,-0.6,,
20210401,real_dfr,-2.1,-0.3,-1.3,,
20210501,real_dfr,-2.5,-0.4,-1.9,,
20210601,real_dfr,-2.4,0.1,-1.6,,
20210701,real_dfr,-2.7,-0.3,-1.8,,
20210801,real_dfr,-3.5,-0.8,-3.2,,
20210901,real_dfr,-3.9,-0.4,-3.7,,
20211001,real_dfr,-4.6,-0.7,-4.4,,
20211101,real_dfr,-5.4,-0.8,-5.2,,
20211201,real_dfr,-5.5,-0.1,-5.3,,
20220101,real_dfr,-5.6,-0.1,-4.2,,
20220201,real_dfr,-6.4,-0.8,-5.0,,
20220301,real_dfr,-7.9,-1.5,-6.1,,
20220401,real_dfr,-7.9,0.0,-5.8,,
20220501,real_dfr,-8.6,-0.7,-6.1,,
20220601,real_dfr,-9.1,-0.5,-6.7,,
20220701,real_dfr,-8.9,0.2,-6.2,,
20220801,real_dfr,-9.1,-0.2,-5.6,,
20220901,real_dfr,-9.15,-0.05,-5.25,,
20221001,real_dfr,-9.85,-0.7,-5.25,,
20221101,real_dfr,-8.6,1.25,-3.2,,
20221201,real_dfr,-7.2,1.4,-1.7,,
20230101,real_dfr,-6.6,0.6,-1.0,,
20230201,real_dfr,-6.0,0.6,0.4,,
20230301,real_dfr,-3.9,2.1,4.0,,
20230401,real_dfr,-4.0,-0.1,3.9,,
20230501,real_dfr,-2.85,1.15,5.75,,
20230601,real_dfr,-2.0,0.85,7.1,,
20230701,real_dfr,-1.8,0.2,7.1,,
20230801,real_dfr,-1.45,0.35,7.65,,
20230901,real_dfr,-0.3,1.15,8.85,,
20231001,real_dfr,1.1,1.4,10.95,,
20231101,real_dfr,1.6,0.5,10.2,,
20231201,real_dfr,1.1,-0.5,8.3,,
20240101,real_dfr,1.2,0.1,7.8,,
20240201,real_dfr,1.4,0.2,7.4,,
20240301,real_dfr,1.6,0.2,5.5,,
20240401,real_dfr,1.6,0.0,5.6,,
20240501,real_dfr,1.4,-0.2,4.25,,
20240601,real_dfr,1.25,-0.15,3.25,,
20240701,real_dfr,1.15,-0.1,2.95,,
20240801,real_dfr,1.55,0.4,3.0,,
20240901,real_dfr,1.8,0.25,2.1,,
20241001,real_dfr,1.25,-0.55,0.15,,
20241101,real_dfr,1.05,-0.2,-0.55,,
20241201,real_dfr,0.6,-0.45,-0.5,,
20250101,real_dfr,0.5,-0.1,-0.7,,
20250201,real_dfr,0.45,-0.05,-0.95,,
20250301,real_dfr,0.3,-0.15,-1.3,,
20250401,real_dfr,0.05,-0.25,-1.55,,
20250501,real_dfr,0.35,0.3,-1.05,,
20250601,real_dfr,0.0,-0.35,-1.25,,
20250701,real_dfr,0.0,0.0,-1.15,,
20250801,real_dfr,0.0,0.0,-1.55,,
20250901,real_dfr,-0.2,-0.2,-2.0,,
20251001,real_dfr,-0.1,0.1,-1.35,,
20251101,real_dfr,-0.1,0.0,-1.15,,
20251201,real_dfr,0.1,0.2,-0.5,,
20150101,spread_2s10s,64.5,,,,
20150201,spread_2s10s,58.9,-5.6,,,
20150301,spread_2s10s,51.0,-7.9,,,
20150401,spread_2s10s,46.4,-4.6,,,
20150501,spread_2s10s,88.2,41.8,,,
20150601,spread_2s10s,115.4,27.2,,,
20150701,spread_2s10s,112.9,-2.5,,,
20150801,spread_2s10s,99.9,-13.0,,,
20150901,spread_2s10s,102.2,2.3,,,
20151001,spread_2s10s,93.1,-9.1,,,
20151101,spread_2s10s,101.3,8.2,,,
20151201,spread_2s10s,104.9,3.6,,,
20160101,spread_2s10s,102.5,-2.4,38.0,,
20160201,spread_2s10s,83.1,-19.4,24.2,,
20160301,spread_2s10s,81.3,-1.8,30.3,,
20160401,spread_2s10s,74.3,-7.0,27.9,,
20160501,spread_2s10s,74.4,0.1,-13.8,,
20160601,spread_2s10s,64.2,-10.2,-51.2,,
20160701,spread_2s10s,56.5,-7.7,-56.4,,
20160801,spread_2s10s,53.1,-3.4,-46.8,,
20160901,spread_2s10s,60.1,7.0,-42.1,,
20161001,spread_2s10s,71.1,11.0,-22.0,,
20161101,spread_2s10s,95.7,24.6,-5.6,,
20161201,spread_2s10s,112.8,17.1,7.9,,
20170101,spread_2s10s,111.2,-1.6,8.7,,
20170201,spread_2s10s,119.9,8.7,36.8,,
20170301,spread_2s10s,122.7,2.8,41.4,,
20170401,spread_2s10s,110.6,-12.1,36.3,,
20170501,spread_2s10s,113.2,2.6,38.8,,
20170601,spread_2s10s,105.8,-7.4,41.6,,
20170701,spread_2s10s,121.6,15.8,65.1,,
20170801,spread_2s10s,114.9,-6.7,61.8,,
20170901,spread_2s10s,117.0,2.1,56.9,,
20171001,spread_2s10s,120.6,3.6,49.5,,
20171101,spread_2s10s,116.7,-3.9,21.0,,
20171201,spread_2s10s,113.5,-3.2,0.7,,
20180101,spread_2s10s,118.3,4.8,7.1,,
20180201,spread_2s10s,131.9,13.6,12.0,,
20180301,spread_2s10s,123.0,-8.9,0.3,,
20180401,spread_2s10s,117.5,-5.5,6.9,,
20180501,spread_2s10s,118.1,0.6,4.9,,
20180601,spread_2s10s,112.7,-5.4,6.9,,
20180701,spread_2s10s,103.7,-9.0,-17.9,,
20180801,spread_2s10s,101.8,-1.9,-13.1,,
20180901,spread_2s10s,103.8,2.0,-13.2,,
20181001,spread_2s10s,110.0,6.2,-10.6,,
20181101,spread_2s10s,106.4,-3.6,-10.3,,
20181201,spread_2s10s,95.7,-10.7,-17.8,,
20190101,spread_2s10s,86.7,-9.0,-31.6,,
20190201,spread_2s10s,73.9,-12.8,-58.0,,
20190301,spread_2s10s,67.1,-6.8,-55.9,,
20190401,spread_2s10s,65.4,-1.7,-52.1,,
20190501,spread_2s10s,61.3,-4.1,-56.8,,
20190601,spread_2s10s,49.8,-11.5,-62.9,,
20190701,spread_2s10s,46.9,-2.9,-56.8,,
20190801,spread_2s10s,30.0,-16.9,-71.8,,
20190901,spread_2s10s,29.0,-1.0,-74.8,,
20191001,spread_2s10s,32.7,3.7,-77.3,,
20191101,spread_2s10s,37.8,5.1,-68.6,,
20191201,spread_2s10s,43.3,5.5,-52.4,,
20200101,spread_2s10s,38.6,-4.7,-48.1,,
20200201,spread_2s10s,27.7,-10.9,-46.2,,
20200301,spread_2s10s,33.2,5.5,-33.9,,
20200401,spread_2s10s,31.2,-2.0,-34.2,,
20200501,spread_2s10s,27.6,-3.6,-33.7,,
20200601,spread_2s10s,30.7,3.1,-19.1,,
20200701,spread_2s10s,24.9,-5.8,-22.0,,
20200801,spread_2s10s,23.9,-1.0,-6.1,,
20200901,spread_2s10s,23.4,-0.5,-5.6,,
20201001,spread_2s10s,20.7,-2.7,-12.0,,
20201101,spread_2s10s,21.1,0.4,-16.7,,
20201201,spread_2s10s,20.7,-0.4,-22.6,,
20210101,spread_2s10s,20.5,-0.2,-18.1,,
20210201,spread_2s10s,33.4,12.9,5.7,,
20210301,spread_2s10s,41.5,8.1,8.3,,
20210401,spread_2s10s,47.3,5.8,16.1,,
20210501,spread_2s10s,55.8,8.5,28.2,,
20210601,spread_2s10s,51.4,-4.4,20.7,,
20210701,spread_2s10s,39.8,-11.6,14.9,,
20210801,spread_2s10s,33.7,-6.1,9.8,,
20210901,spread_2s10s,45.6,11.9,22.2,,
20211001,spread_2s10s,56.6,11.0,35.9,,
20211101,spread_2s10s,53.6,-3.0,32.5,,
20211201,spread_2s10s,43.0,-10.6,22.3,,
20220101,spread_2s10s,56.5,13.5,36.0,,
20220201,spread_2s10s,68.2,11.7,34.8,,
20220301,spread_2s10s,76.3,8.1,34.8,,
20220401,spread_2s10s,78.0,1.7,30.7,,
20220501,spread_2s10s,85.6,7.6,29.8,,
20220601,spread_2s10s,75.6,-10.0,24.2,,
20220701,spread_2s10s,79.9,4.3,40.1,,
20220801,spread_2s10s,56.9,-23.0,23.2,,
20220901,spread_2s10s,45.4,-11.5,-0.2,,
20221001,spread_2s10s,45.7,0.3,-10.9,,
20221101,spread_2s10s,12.6,-33.1,-41.0,,
20221201,spread_2s10s,-3.7,-16.3,-46.7,,
20230101,spread_2s10s,-19.4,-15.7,-75.9,,
20230201,spread_2s10s,-24.2,-4.8,-92.4,,
20230301,spread_2s10s,-25.5,-1.3,-101.8,,
20230401,spread_2s10s,-24.8,0.7,-102.8,,
20230501,spread_2s10s,-19.3,5.5,-104.9,,
20230601,spread_2s10s,-46.4,-27.1,-122.0,,
20230701,spread_2s10s,-54.1,-7.7,-134.0,,
20230801,spread_2s10s,-34.0,20.1,-90.9,,
20230901,spread_2s10s,-34.6,-0.6,-80.0,,
20231001,spread_2s10s,-19.5,15.1,-65.2,,
20231101,spread_2s10s,-29.4,-9.9,-42.0,,
20231201,spread_2s10s,-37.7,-8.3,-34.0,,
20240101,spread_2s10s,-28.2,9.5,-8.8,,
20240201,spread_2s10s,-32.8,-4.6,-8.6,,
20240301,spread_2s10s,-43.5,-10.7,-18.0,,
20240401,spread_2s10s,-34.6,8.9,-9.8,,
20240501,spread_2s10s,-36.3,-1.7,-17.0,,
20240601,spread_2s10s,-32.1,4.2,14.3,,
20240701,spread_2s10s,-27.5,4.6,26.6,,
20240801,spread_2s10s,-6.6,20.9,27.4,,
20240901,spread_2s10s,10.3,16.9,44.9,,
20241001,spread_2s10s,25.1,14.8,44.6,,
20241101,spread_2s10s,32.6,7.5,62.0,,
20241201,spread_2s10s,32.2,-0.4,69.9,,
20250101,spread_2s10s,42.6,10.4,70.8,,
20250201,spread_2s10s,47.4,4.8,80.2,,
20250301,spread_2s10s,73.0,25.6,116.5,,
20250401,spread_2s10s,85.1,12.1,119.7,,
20250501,spread_2s10s,87.1,2.0,123.4,,
20250601,spread_2s10s,80.2,-6.9,112.3,,
20250701,spread_2s10s,87.5,7.3,115.0,,
20250801,spread_2s10s,86.0,-1.5,92.6,,
20250901,spread_2s10s,82.5,-3.5,72.2,,
20251001,spread_2s10s,77.0,-5.5,51.9,,
20251101,spread_2s10s,77.7,0.7,45.1,,
20251201,spread_2s10s,82.8,5.1,50.6,,
20260101,spread_2s10s,84.1,1.3,41.5,,
20260201,spread_2s10s,81.2,-2.9,33.8,,
20260301,spread_2s10s,60.1,-21.1,-12.9,,
20260401,spread_2s10s,54.1,-6.0,-31.0,,
20260501,spread_2s10s,50.5,-3.6,-36.6,,
20260601,spread_2s10s,46.8,-3.7,-33.4,,
20260701,spread_2s10s,48.0,1.2,-39.5,,
20260801,spread_2s10s,48.6,0.6,-37.4,,
20260901,spread_2s10s,39.3,-9.3,-43.2,,
20261001,spread_2s10s,49.4,10.1,-27.6,,
20150101,spread_bono_bund,115.3,,,,
20150201,spread_bono_bund,121.8,6.5,,,
20150301,spread_bono_bund,99.9,-21.9,,,
20150401,spread_bono_bund,119.0,19.1,,,
20150501,spread_bono_bund,122.4,3.4,,,
20150601,spread_bono_bund,143.3,20.9,,,
20150701,spread_bono_bund,139.0,-4.3,,,
20150801,spread_bono_bund,134.7,-4.3,,,
20150901,spread_bono_bund,137.5,2.8,,,
20151001,spread_bono_bund,120.5,-17.0,,,
20151101,spread_bono_bund,119.9,-0.6,,,
20151201,spread_bono_bund,113.5,-6.4,,,
20160101,spread_bono_bund,128.9,15.4,13.6,,
20160201,spread_bono_bund,155.4,26.5,33.6,,
20160301,spread_bono_bund,137.2,-18.2,37.3,,
20160401,spread_bono_bund,139.6,2.4,20.6,,
20160501,spread_bono_bund,144.0,4.4,21.6,,
20160601,spread_bono_bund,150.0,6.0,6.7,,
20160701,spread_bono_bund,132.3,-17.7,-6.7,,
20160801,spread_bono_bund,113.8,-18.5,-20.9,,
20160901,spread_bono_bund,113.1,-0.7,-24.4,,
20161001,spread_bono_bund,107.2,-5.9,-13.3,,
20161101,spread_bono_bund,123.6,16.4,3.7,,
20161201,spread_bono_bund,119.0,-4.6,5.5,,
20170101,spread_bono_bund,120.8,1.8,-8.1,,
20170201,spread_bono_bund,144.3,23.5,-11.1,,
20170301,spread_bono_bund,136.7,-7.6,-0.5,,
20170401,spread_bono_bund,139.3,2.6,-0.3,,
20170501,spread_bono_bund,123.1,-16.2,-20.9,,
20170601,spread_bono_bund,120.3,-2.8,-29.7,,
20170701,spread_bono_bund,113.9,-6.4,-18.4,,
20170801,spread_bono_bund,113.3,-0.6,-0.5,,
20170901,spread_bono_bund,118.7,5.4,5.6,,
20171001,spread_bono_bund,123.5,4.8,16.3,,
20171101,spread_bono_bund,117.6,-5.9,-6.0,,
20171201,spread_bono_bund,114.3,-3.3,-4.7,,
20180101,spread_bono_bund,100.3,-14.0,-20.5,,
20180201,spread_bono_bund,84.9,-15.4,-59.4,,
20180301,spread_bono_bund,80.4,-4.5,-56.3,,
20180401,spread_bono_bund,72.6,-7.8,-66.7,,
20180501,spread_bono_bund,93.9,21.3,-29.2,,
20180601,spread_bono_bund,104.1,10.2,-16.2,,
20180701,spread_bono_bund,104.5,0.4,-9.4,,
20180801,spread_bono_bund,110.6,6.1,-2.7,,
20180901,spread_bono_bund,108.9,-1.7,-9.8,,
20181001,spread_bono_bund,119.5,10.6,-4.0,,
20181101,spread_bono_bund,127.7,8.2,10.1,,
20181201,spread_bono_bund,123.3,-4.4,9.0,,
20190101,spread_bono_bund,124.6,1.3,24.3,,
20190201,spread_bono_bund,124.6,0.0,39.7,,
20190301,spread_bono_bund,112.4,-12.2,32.0,,
20190401,spread_bono_bund,108.9,-3.5,36.3,,
20190501,spread_bono_bund,100.3,-8.6,6.4,,
20190601,spread_bono_bund,80.6,-19.7,-23.5,,
20190701,spread_bono_bund,74.4,-6.2,-30.1,,
20190801,spread_bono_bund,79.1,4.7,-31.5,,
20190901,spread_bono_bund,77.0,-2.1,-31.9,,
20191001,spread_bono_bund,67.3,-9.7,-52.2,,
20191101,spread_bono_bund,73.6,6.3,-54.1,,
20191201,spread_bono_bund,73.5,-0.1,-49.8,,
20200101,spread_bono_bund,73.0,-0.5,-51.6,,
20200201,spread_bono_bund,74.2,1.2,-50.4,,
20200301,spread_bono_bund,106.3,32.1,-6.1,,
20200401,spread_bono_bund,127.4,21.1,18.5,,
20200501,spread_bono_bund,125.8,-1.6,25.5,,
20200601,spread_bono_bund,94.5,-31.3,13.9,,
20200701,spread_bono_bund,89.4,-5.1,15.0,,
20200801,spread_bono_bund,81.5,-7.9,2.4,,
20200901,spread_bono_bund,79.6,-1.9,2.6,,
20201001,spread_bono_bund,77.4,-2.2,10.1,,
20201101,spread_bono_bund,70.7,-6.7,-2.9,,
20201201,spread_bono_bund,65.7,-5.0,-7.8,,
20210101,spread_bono_bund,65.8,0.1,-7.2,,
20210201,spread_bono_bund,67.1,1.3,-7.1,,
20210301,spread_bono_bund,67.2,0.1,-39.1,,
20210401,spread_bono_bund,69.4,2.2,-58.0,,
20210501,spread_bono_bund,74.2,4.8,-51.6,,
20210601,spread_bono_bund,73.6,-0.6,-20.9,,
20210701,spread_bono_bund,78.1,4.5,-11.3,,
20210801,spread_bono_bund,75.3,-2.8,-6.2,,
20210901,spread_bono_bund,69.0,-6.3,-10.6,,
20211001,spread_bono_bund,67.4,-1.6,-10.0,,
20211101,spread_bono_bund,78.5,11.1,7.8,,
20211201,spread_bono_bund,79.5,1.0,13.8,,
20220101,spread_bono_bund,77.8,-1.7,12.0,,
20220201,spread_bono_bund,95.6,17.8,28.5,,
20220301,spread_bono_bund,93.6,-2.0,26.4,,
20220401,spread_bono_bund,94.0,0.4,24.6,,
20220501,spread_bono_bund,108.8,14.8,34.6,,
20220601,spread_bono_bund,118.4,9.6,44.8,,
20220701,spread_bono_bund,123.2,4.8,45.1,,
20220801,spread_bono_bund,111.3,-11.9,36.0,,
20220901,spread_bono_bund,112.1,0.8,43.1,,
20221001,spread_bono_bund,110.7,-1.4,43.3,,
20221101,spread_bono_bund,99.9,-10.8,21.4,,
20221201,spread_bono_bund,100.3,0.4,20.8,,
20230101,spread_bono_bund,101.2,0.9,23.4,,
20230201,spread_bono_bund,101.5,0.3,5.9,,
20230301,spread_bono_bund,105.0,3.5,11.4,,
20230401,spread_bono_bund,103.9,-1.1,9.9,,
20230501,spread_bono_bund,107.2,3.3,-1.6,,
20230601,spread_bono_bund,102.1,-5.1,-16.3,,
20230701,spread_bono_bund,103.3,1.2,-19.9,,
20230801,spread_bono_bund,102.6,-0.7,-8.7,,
20230901,spread_bono_bund,105.3,2.7,-6.8,,
20231001,spread_bono_bund,112.3,7.0,1.6,,
20231101,spread_bono_bund,104.4,-7.9,4.5,,
20231201,spread_bono_bund,101.6,-2.8,1.3,,
20240101,spread_bono_bund,100.0,-1.6,-1.2,,
20240201,spread_bono_bund,93.7,-6.3,-7.8,,
20240301,spread_bono_bund,84.0,-9.7,-21.0,,
20240401,spread_bono_bund,82.5,-1.5,-21.4,,
20240501,spread_bono_bund,78.1,-4.4,-29.1,,
20240601,spread_bono_bund,86.5,8.4,-15.6,,
20240701,spread_bono_bund,81.7,-4.8,-21.6,,
20240801,spread_bono_bund,86.1,4.4,-16.5,,
20240901,spread_bono_bund,82.0,-4.1,-23.3,,
20241001,spread_bono_bund,73.5,-8.5,-38.8,,
20241101,spread_bono_bund,74.8,1.3,-29.6,,
20241201,spread_bono_bund,70.8,-4.0,-30.8,,
20250101,spread_bono_bund,68.9,-1.9,-31.1,,
20250201,spread_bono_bund,69.5,0.6,-24.2,,
20250301,spread_bono_bund,65.0,-4.5,-19.0,,
20250401,spread_bono_bund,71.8,6.8,-10.7,,
20250501,spread_bono_bund,64.2,-7.6,-13.9,,
20250601,spread_bono_bund,64.4,0.2,-22.1,,
20250701,spread_bono_bund,61.0,-3.4,-20.7,,
20250801,spread_bono_bund,58.2,-2.8,-27.9,,
20250901,spread_bono_bund,56.9,-1.3,-25.1,,
20251001,spread_bono_bund,53.0,-3.9,-20.5,,
20251101,spread_bono_bund,51.6,-1.4,-23.2,,
20251201,spread_bono_bund,45.8,-5.8,-25.0,,
20260101,spread_bono_bund,46.1,0.3,-22.8,,
20260201,spread_bono_bund,43.0,-3.1,-26.5,,
20260301,spread_bono_bund,47.5,4.5,-17.5,,
20260401,spread_bono_bund,44.8,-2.7,-27.0,,
20260501,spread_bono_bund,44.3,-0.5,-19.9,,
20260601,spread_bono_bund,44.9,0.6,-19.5,,
20260701,spread_bono_bund,46.0,1.1,-15.0,,
20260801,spread_bono_bund,44.5,-1.5,-13.7,,
20150101,spread_btp_bund,131.2,,,,
20150201,spread_btp_bund,125.7,-5.5,,,
20150301,spread_btp_bund,106.4,-19.3,,,
20150401,spread_btp_bund,123.7,17.3,,,
20150501,spread_btp_bund,125.2,1.5,,,
20150601,spread_btp_bund,140.9,15.7,,,
20150701,spread_btp_bund,133.2,-7.7,,,
20150801,spread_btp_bund,122.9,-10.3,,,
20150901,spread_btp_bund,127.0,4.1,,,
20151001,spread_btp_bund,117.6,-9.4,,,
20151101,spread_btp_bund,105.0,-12.6,,,
20151201,spread_btp_bund,102.9,-2.1,,,
20160101,spread_btp_bund,110.4,7.5,-20.8,,
20160201,spread_btp_bund,138.8,28.4,13.1,,
20160301,spread_btp_bund,120.5,-18.3,14.1,,
20160401,spread_btp_bund,131.2,10.7,7.5,,
20160501,spread_btp_bund,139.6,8.4,14.4,,
20160601,spread_btp_bund,147.3,7.7,6.4,,
20160701,spread_btp_bund,137.7,-9.6,4.5,,
20160801,spread_btp_bund,130.6,-7.1,7.7,,
20160901,spread_btp_bund,135.6,5.0,8.6,,
20161001,spread_btp_bund,145.0,9.4,27.4,,
20161101,spread_btp_bund,175.3,30.3,70.3,,
20161201,spread_btp_bund,163.6,-11.7,60.7,,
20170101,spread_btp_bund,174.1,10.5,63.7,,
20170201,spread_btp_bund,209.2,35.1,70.4,,
20170301,spread_btp_bund,205.1,-4.1,84.6,,
20170401,spread_btp_bund,203.7,-1.4,72.5,,
20170501,spread_btp_bund,185.4,-18.3,45.8,,
20170601,spread_btp_bund,180.3,-5.1,33.0,,
20170701,spread_btp_bund,177.1,-3.2,39.4,,
20170801,spread_btp_bund,176.0,-1.1,45.4,,
20170901,spread_btp_bund,175.9,-0.1,40.3,,
20171001,spread_btp_bund,170.4,-5.5,25.4,,
20171101,spread_btp_bund,147.9,-22.5,-27.4,,
20171201,spread_btp_bund,149.5,1.6,-14.1,,
20180101,spread_btp_bund,151.4,1.9,-22.7,,
20180201,spread_btp_bund,142.1,-9.3,-67.1,,
20180301,spread_btp_bund,143.5,1.4,-61.6,,
20180401,spread_btp_bund,129.3,-14.2,-74.4,,
20180501,spread_btp_bund,173.0,43.7,-12.4,,
20180601,spread_btp_bund,241.4,68.4,61.1,,
20180701,spread_btp_bund,236.3,-5.1,59.2,,
20180801,spread_btp_bund,287.1,50.8,111.1,,
20180901,spread_btp_bund,258.9,-28.2,83.0,,
20181001,spread_btp_bund,306.9,48.0,136.5,,
20181101,spread_btp_bund,308.0,1.1,160.1,,
20181201,spread_btp_bund,278.5,-29.5,129.0,,
20190101,spread_btp_bund,264.0,-14.5,112.6,,
20190201,spread_btp_bund,275.2,11.2,133.1,,
20190301,spread_btp_bund,268.0,-7.2,124.5,,
20190401,spread_btp_bund,265.8,-2.2,136.5,,
20190501,spread_btp_bund,277.4,11.6,104.4,,
20190601,spread_btp_bund,259.4,-18.0,18.0,,
20190701,spread_btp_bund,204.4,-55.0,-31.9,,
20190801,spread_btp_bund,205.4,1.0,-81.7,,
20190901,spread_btp_bund,149.2,-56.2,-109.7,,
20191001,spread_btp_bund,147.4,-1.8,-159.5,,
20191101,spread_btp_bund,161.6,14.2,-146.4,,
20191201,spread_btp_bund,167.0,5.4,-111.5,,
20200101,spread_btp_bund,158.5,-8.5,-105.5,,
20200201,spread_btp_bund,142.5,-16.0,-132.7,,
20200301,spread_btp_bund,209.1,66.6,-58.9,,
20200401,spread_btp_bund,224.9,15.8,-40.9,,
20200501,spread_btp_bund,227.8,2.9,-49.6,,
20200601,spread_btp_bund,188.9,-38.9,-70.5,,
20200701,spread_btp_bund,171.9,-17.0,-32.5,,
20200801,spread_btp_bund,155.4,-16.5,-50.0,,
20200901,spread_btp_bund,150.5,-4.9,1.3,,
20201001,spread_btp_bund,137.7,-12.8,-9.7,,
20201101,spread_btp_bund,127.8,-9.9,-33.8,,
20201201,spread_btp_bund,119.6,-8.2,-47.4,,
20210101,spread_btp_bund,119.9,0.3,-38.6,,
20210201,spread_btp_bund,103.6,-16.3,-38.9,,
20210301,spread_btp_bund,106.8,3.2,-102.3,,
20210401,spread_btp_bund,112.2,5.4,-112.7,,
20210501,spread_btp_bund,120.7,8.5,-107.1,,
20210601,spread_btp_bund,116.3,-4.4,-72.6,,
20210701,spread_btp_bund,119.8,3.5,-52.1,,
20210801,spread_btp_bund,116.7,-3.1,-38.7,,
20210901,spread_btp_bund,114.0,-2.7,-36.5,,
20211001,spread_btp_bund,116.1,2.1,-21.6,,
20211101,spread_btp_bund,132.2,16.1,4.4,,
20211201,spread_btp_bund,143.0,10.8,23.4,,
20220101,spread_btp_bund,146.1,3.1,26.2,,
20220201,spread_btp_bund,164.4,18.3,60.8,,
20220301,spread_btp_bund,157.2,-7.2,50.4,,
20220401,spread_btp_bund,169.1,11.9,56.9,,
20220501,spread_btp_bund,203.7,34.6,83.0,,
20220601,spread_btp_bund,218.9,15.2,102.6,,
20220701,spread_btp_bund,227.7,8.8,107.9,,
20220801,spread_btp_bund,226.4,-1.3,109.7,,
20220901,spread_btp_bund,234.2,7.8,120.2,,
20221001,spread_btp_bund,234.6,0.4,118.5,,
20221101,spread_btp_bund,217.7,-16.9,85.5,,
20221201,spread_btp_bund,217.2,-0.5,74.2,,
20230101,spread_btp_bund,205.1,-12.1,59.0,,
20230201,spread_btp_bund,190.0,-15.1,25.6,,
20230301,spread_btp_bund,185.7,-4.3,28.5,,
20230401,spread_btp_bund,187.5,1.8,18.4,,
20230501,spread_btp_bund,197.2,9.7,-6.5,,
20230601,spread_btp_bund,169.7,-27.5,-49.2,,
20230701,spread_btp_bund,170.0,0.3,-57.7,,
20230801,spread_btp_bund,167.6,-2.4,-58.8,,
20230901,spread_btp_bund,185.3,17.7,-48.9,,
20231001,spread_btp_bund,206.2,20.9,-28.4,,
20231101,spread_btp_bund,182.6,-23.6,-35.1,,
20231201,spread_btp_bund,172.0,-10.6,-45.2,,
20240101,spread_btp_bund,163.6,-8.4,-41.5,,
20240201,spread_btp_bund,154.1,-9.5,-35.9,,
20240301,spread_btp_bund,134.7,-19.4,-51.0,,
20240401,spread_btp_bund,141.0,6.3,-46.5,,
20240501,spread_btp_bund,132.6,-8.4,-64.6,,
20240601,spread_btp_bund,145.8,13.2,-23.9,,
20240701,spread_btp_bund,137.2,-8.6,-32.8,,
20240801,spread_btp_bund,147.4,10.2,-20.2,,
20240901,spread_btp_bund,139.9,-7.5,-45.4,,
20241001,spread_btp_bund,127.3,-12.6,-78.9,,
20241101,spread_btp_bund,126.4,-0.9,-56.2,,
20241201,spread_btp_bund,114.3,-12.1,-57.7,,
20250101,spread_btp_bund,119.2,4.9,-44.4,,
20250201,spread_btp_bund,117.0,-2.2,-37.1,,
20250301,spread_btp_bund,114.6,-2.4,-20.1,,
20250401,spread_btp_bund,120.1,5.5,-20.9,,
20250501,spread_btp_bund,106.7,-13.4,-25.9,,
20250601,spread_btp_bund,98.1,-8.6,-47.7,,
20250701,spread_btp_bund,90.6,-7.5,-46.6,,
20250801,spread_btp_bund,86.4,-4.2,-61.0,,
20250901,spread_btp_bund,86.6,0.2,-53.3,,
20251001,spread_btp_bund,82.5,-4.1,-44.8,,
20251101,spread_btp_bund,80.2,-2.3,-46.2,,
20251201,spread_btp_bund,73.9,-6.3,-40.4,,
20260101,spread_btp_bund,68.5,-5.4,-50.7,,
20260201,spread_btp_bund,64.4,-4.1,-52.6,,
20260301,spread_btp_bund,82.3,17.9,-32.3,,
20260401,spread_btp_bund,81.8,-0.5,-38.3,,
20260501,spread_btp_bund,79.4,-2.4,-27.3,,
20260601,spread_btp_bund,77.0,-2.4,-21.1,,
20260701,spread_btp_bund,81.1,4.1,-9.5,,
20260801,spread_btp_bund,80.1,-1.0,-6.3,,
20150101,spread_oat_bund,28.0,,,,
20150201,spread_oat_bund,30.0,2.0,,,
20150301,spread_oat_bund,28.0,-2.0,,,
20150401,spread_oat_bund,32.0,4.0,,,
20150501,spread_oat_bund,33.0,1.0,,,
20150601,spread_oat_bund,41.0,8.0,,,
20150701,spread_oat_bund,40.0,-1.0,,,
20150801,spread_oat_bund,40.0,0.0,,,
20150901,spread_oat_bund,35.0,-5.0,,,
20151001,spread_oat_bund,35.0,0.0,,,
20151101,spread_oat_bund,36.0,1.0,,,
20151201,spread_oat_bund,38.0,2.0,,,
20160101,spread_oat_bund,41.0,3.0,13.0,,
20160201,spread_oat_bund,42.0,1.0,12.0,,
20160301,spread_oat_bund,34.0,-8.0,6.0,,
20160401,spread_oat_bund,38.0,4.0,6.0,,
20160501,spread_oat_bund,38.0,0.0,5.0,,
20160601,spread_oat_bund,41.0,3.0,0.0,,
20160701,spread_oat_bund,32.0,-9.0,-8.0,,
20160801,spread_oat_bund,28.0,-4.0,-12.0,,
20160901,spread_oat_bund,27.0,-1.0,-8.0,,
20161001,spread_oat_bund,33.0,6.0,-2.0,,
20161101,spread_oat_bund,48.0,15.0,12.0,,
20161201,spread_oat_bund,50.0,2.0,12.0,,
20170101,spread_oat_bund,61.0,11.0,20.0,,
20170201,spread_oat_bund,77.0,16.0,35.0,,
20170301,spread_oat_bund,67.0,-10.0,33.0,,
20170401,spread_oat_bund,66.0,-1.0,28.0,,
20170501,spread_oat_bund,47.0,-19.0,9.0,,
20170601,spread_oat_bund,41.0,-6.0,0.0,,
20170701,spread_oat_bund,38.0,-3.0,6.0,,
20170801,spread_oat_bund,36.0,-2.0,8.0,,
20170901,spread_oat_bund,35.0,-1.0,8.0,,
20171001,spread_oat_bund,44.0,9.0,11.0,,
20171101,spread_oat_bund,41.0,-3.0,-7.0,,
20171201,spread_oat_bund,37.0,-4.0,-13.0,,
20180101,spread_oat_bund,38.0,1.0,-23.0,,
20180201,spread_oat_bund,32.0,-6.0,-45.0,,
20180301,spread_oat_bund,30.0,-2.0,-37.0,,
20180401,spread_oat_bund,30.0,0.0,-36.0,,
20180501,spread_oat_bund,34.0,4.0,-13.0,,
20180601,spread_oat_bund,42.0,8.0,1.0,,
20180701,spread_oat_bund,39.0,-3.0,1.0,,
20180801,spread_oat_bund,41.0,2.0,5.0,,
20180901,spread_oat_bund,40.0,-1.0,5.0,,
20181001,spread_oat_bund,42.0,2.0,-2.0,,
20181101,spread_oat_bund,45.0,3.0,4.0,,
20181201,spread_oat_bund,51.0,6.0,14.0,,
20190101,spread_oat_bund,52.0,1.0,14.0,,
20190201,spread_oat_bund,49.0,-3.0,17.0,,
20190301,spread_oat_bund,43.0,-6.0,13.0,,
20190401,spread_oat_bund,41.0,-2.0,11.0,,
20190501,spread_oat_bund,43.0,2.0,9.0,,
20190601,spread_oat_bund,39.0,-4.0,-3.0,,
20190701,spread_oat_bund,32.0,-7.0,-7.0,,
20190801,spread_oat_bund,31.0,-1.0,-10.0,,
20190901,spread_oat_bund,32.0,1.0,-8.0,,
20191001,spread_oat_bund,31.0,-1.0,-11.0,,
20191101,spread_oat_bund,33.0,2.0,-12.0,,
20191201,spread_oat_bund,34.0,1.0,-17.0,,
20200101,spread_oat_bund,30.0,-4.0,-22.0,,
20200201,spread_oat_bund,29.0,-1.0,-20.0,,
20200301,spread_oat_bund,49.0,20.0,6.0,,
20200401,spread_oat_bund,51.0,2.0,10.0,,
20200501,spread_oat_bund,48.6,-2.4,5.6,,
20200601,spread_oat_bund,39.4,-9.2,0.4,,
20200701,spread_oat_bund,37.3,-2.1,5.3,,
20200801,spread_oat_bund,35.2,-2.1,4.2,,
20200901,spread_oat_bund,31.4,-3.8,-0.6,,
20201001,spread_oat_bund,30.7,-0.7,-0.3,,
20201101,spread_oat_bund,29.4,-1.3,-3.6,,
20201201,spread_oat_bund,27.8,-1.6,-6.2,,
20210101,spread_oat_bund,27.3,-0.5,-2.7,,
20210201,spread_oat_bund,29.6,2.3,0.6,,
20210301,spread_oat_bund,29.4,-0.2,-19.6,,
20210401,spread_oat_bund,31.5,2.1,-19.5,,
20210501,spread_oat_bund,43.3,11.8,-5.3,,
20210601,spread_oat_bund,43.8,0.5,4.4,,
20210701,spread_oat_bund,44.0,0.2,6.7,,
20210801,spread_oat_bund,41.9,-2.1,6.7,,
20210901,spread_oat_bund,40.3,-1.6,8.9,,
20211001,spread_oat_bund,40.6,0.3,9.9,,
20211101,spread_oat_bund,41.2,0.6,11.8,,
20211201,spread_oat_bund,43.3,2.1,15.5,,
20220101,spread_oat_bund,42.5,-0.8,15.2,,
20220201,spread_oat_bund,53.0,10.5,23.4,,
20220301,spread_oat_bund,49.8,-3.2,20.4,,
20220401,spread_oat_bund,53.5,3.7,22.0,,
20220501,spread_oat_bund,56.7,3.2,13.4,,
20220601,spread_oat_bund,61.4,4.7,17.6,,
20220701,spread_oat_bund,62.8,1.4,18.8,,
20220801,spread_oat_bund,65.7,2.9,23.8,,
20220901,spread_oat_bund,61.4,-4.3,21.1,,
20221001,spread_oat_bund,58.4,-3.0,17.8,,
20221101,spread_oat_bund,51.4,-7.0,10.2,,
20221201,spread_oat_bund,53.5,2.1,10.2,,
20230101,spread_oat_bund,49.8,-3.7,7.3,,
20230201,spread_oat_bund,50.0,0.2,-3.0,,
20230301,spread_oat_bund,53.7,3.7,3.9,,
20230401,spread_oat_bund,54.1,0.4,0.6,,
20230501,spread_oat_bund,59.9,5.8,3.2,,
20230601,spread_oat_bund,55.3,-4.6,-6.1,,
20230701,spread_oat_bund,58.3,3.0,-4.5,,
20230801,spread_oat_bund,56.5,-1.8,-9.2,,
20230901,spread_oat_bund,58.0,1.5,-3.4,,
20231001,spread_oat_bund,62.7,4.7,4.3,,
20231101,spread_oat_bund,58.8,-3.9,7.4,,
20231201,spread_oat_bund,54.9,-3.9,1.4,,
20240101,spread_oat_bund,56.5,1.6,6.7,,
20240201,spread_oat_bund,51.9,-4.6,1.9,,
20240301,spread_oat_bund,47.1,-4.8,-6.6,,
20240401,spread_oat_bund,52.4,5.3,-1.7,,
20240501,spread_oat_bund,51.2,-1.2,-8.7,,
20240601,spread_oat_bund,66.6,15.4,11.3,,
20240701,spread_oat_bund,68.2,1.6,9.9,,
20240801,spread_oat_bund,73.2,5.0,16.7,,
20240901,spread_oat_bund,73.4,0.2,15.4,,
20241001,spread_oat_bund,76.2,2.8,13.5,,
20241101,spread_oat_bund,78.5,2.3,19.7,,
20241201,spread_oat_bund,83.2,4.7,28.3,,
20250101,spread_oat_bund,83.6,0.4,27.1,,
20250201,spread_oat_bund,74.5,-9.1,22.6,,
20250301,spread_oat_bund,68.9,-5.6,21.8,,
20250401,spread_oat_bund,74.9,6.0,22.5,,
20250501,spread_oat_bund,69.8,-5.1,18.6,,
20250601,spread_oat_bund,72.0,2.2,5.4,,
20250701,spread_oat_bund,72.9,0.9,4.7,,
20250801,spread_oat_bund,74.6,1.7,1.4,,
20250901,spread_oat_bund,81.7,7.1,8.3,,
20251001,spread_oat_bund,82.3,0.6,6.1,,
20251101,spread_oat_bund,78.3,-4.0,-0.2,,
20251201,spread_oat_bund,74.7,-3.6,-8.5,,
20260101,spread_oat_bund,72.3,-2.4,-11.3,,
20260201,spread_oat_bund,65.6,-6.7,-8.9,,
20260301,spread_oat_bund,73.0,7.4,4.1,,
20260401,spread_oat_bund,73.0,0.0,-1.9,,
20260501,spread_oat_bund,69.5,-3.5,-0.3,,
20260601,spread_oat_bund,71.6,2.1,-0.4,,
20260701,spread_oat_bund,78.0,6.4,5.1,,
20260801,spread_oat_bund,81.5,3.5,6.9,,
20150101,sx5e,3207.258,,,,
20150201,sx5e,3453.786,246.528,,7.6866,
20150301,sx5e,3655.306,201.52,,5.8348,
20150401,sx5e,3733.801,78.495,,2.1474,
20150501,sx5e,3617.865,-115.936,,-3.105,
20150601,sx5e,3521.775,-96.09,,-2.656,
20150701,sx5e,3545.098,23.323,,0.6623,
20150801,sx5e,3444.406,-100.692,,-2.8403,
20150901,sx5e,3165.461,-278.945,,-8.0985,
20151001,sx5e,3275.479,110.018,,3.4756,
20151101,sx5e,3439.571,164.092,,5.0097,
20151201,sx5e,3288.634,-150.937,,-4.3883,
20160101,sx5e,3030.505,-258.129,-176.753,-7.8491,-5.511
20160201,sx5e,2862.588,-167.917,-591.198,-5.5409,-17.1174
20160301,sx5e,3031.418,168.83,-623.888,5.8978,-17.068
20160401,sx5e,3031.184,-0.234,-702.617,-0.0077,-18.8177
20160501,sx5e,2983.703,-47.481,-634.162,-1.5664,-17.5286
20160601,sx5e,2910.802,-72.901,-610.973,-2.4433,-17.3484
20160701,sx5e,2919.079,8.277,-626.019,0.2844,-17.6587
20160801,sx5e,2992.867,73.788,-451.539,2.5278,-13.1093
20160901,sx5e,3012.093,19.226,-153.368,0.6424,-4.845
20161001,sx5e,3042.332,30.239,-233.147,1.0039,-7.118
20161101,sx5e,3026.396,-15.936,-413.175,-0.5238,-12.0124
20161201,sx5e,3207.271,180.875,-81.363,5.9766,-2.4741
20170101,sx5e,3298.77,91.499,268.265,2.8529,8.8522
20170201,sx5e,3293.097,-5.673,430.509,-0.172,15.0392
20170301,sx5e,3427.104,134.007,395.686,4.0693,13.0528
20170401,sx5e,3491.834,64.73,460.65,1.8888,15.197
20170501,sx5e,3601.872,110.038,618.169,3.1513,20.7182
20170601,sx5e,3547.849,-54.023,637.047,-1.4999,21.8856
20170701,sx5e,3483.894,-63.955,564.815,-1.8026,19.3491
20170801,sx5e,3451.342,-32.552,458.475,-0.9344,15.3189
20170901,sx5e,3507.122,55.78,495.029,1.6162,16.4347
20171001,sx5e,3614.745,107.623,572.413,3.0687,18.8149
20171101,sx5e,3601.431,-13.314,575.035,-0.3683,19.0007
20171201,sx5e,3564.655,-36.776,357.384,-1.0211,11.1429
20180101,sx5e,3612.164,47.509,313.394,1.3328,9.5003
20180201,sx5e,3426.71,-185.454,133.613,-5.1342,4.0574
20180301,sx5e,3374.295,-52.415,-52.809,-1.5296,-1.5409
20180401,sx5e,3457.618,83.323,-34.216,2.4693,-0.9799
20180501,sx5e,3537.087,79.469,-64.785,2.2984,-1.7986
20180601,sx5e,3442.768,-94.319,-105.081,-2.6666,-2.9618
20180701,sx5e,3460.887,18.119,-23.007,0.5263,-0.6604
20180801,sx5e,3436.828,-24.059,-14.514,-0.6952,-0.4205
20180901,sx5e,3365.227,-71.601,-141.895,-2.0833,-4.0459
20181001,sx5e,3244.55,-120.677,-370.195,-3.586,-10.2412
20181101,sx5e,3186.404,-58.146,-415.027,-1.7921,-11.5239
20181201,sx5e,3057.839,-128.565,-506.816,-4.0348,-14.2178
20190101,sx5e,3088.654,30.815,-523.51,1.0077,-14.493
20190201,sx5e,3223.071,134.417,-203.639,4.352,-5.9427
20190301,sx5e,3332.855,109.784,-41.44,3.4062,-1.2281
20190401,sx5e,3458.765,125.91,1.147,3.7778,0.0332
20190501,sx5e,3385.412,-73.353,-151.675,-2.1208,-4.2881
20190601,sx5e,3405.953,20.541,-36.815,0.6068,-1.0693
20190701,sx5e,3507.803,101.85,46.916,2.9904,1.3556
20190801,sx5e,3355.324,-152.479,-81.504,-4.3469,-2.3715
20190901,sx5e,3514.531,159.207,149.304,4.7449,4.4367
20191001,sx5e,3551.223,36.692,306.673,1.044,9.4519
20191101,sx5e,3693.141,141.918,506.737,3.9963,15.9031
20191201,sx5e,3715.334,22.193,657.495,0.6009,21.5019
20200101,sx5e,3758.241,42.907,669.587,1.1549,21.6789
20200201,sx5e,3734.924,-23.317,511.853,-0.6204,15.8809
20200301,sx5e,2824.178,-910.746,-508.677,-24.3846,-15.2625
20200401,sx5e,2839.576,15.398,-619.189,0.5452,-17.902
20200501,sx5e,2909.324,69.748,-476.088,2.4563,-14.0629
20200601,sx5e,3237.393,328.069,-168.56,11.2765,-4.949
20200701,sx5e,3316.291,78.898,-191.512,2.4371,-5.4596
20200801,sx5e,3297.668,-18.623,-57.656,-0.5616,-1.7183
20200901,sx5e,3260.733,-36.935,-253.798,-1.12,-7.2214
20201001,sx5e,3180.39,-80.343,-370.833,-2.464,-10.4424
20201101,sx5e,3391.794,211.404,-301.347,6.6471,-8.1596
20201201,sx5e,3530.947,139.153,-184.387,4.1026,-4.9629
20210101,sx5e,3592.235,61.288,-166.006,1.7357,-4.4171
20210201,sx5e,3667.143,74.908,-67.781,2.0853,-1.8148
20210301,sx5e,3813.293,146.15,989.115,3.9854,35.0231
20210401,sx5e,3987.287,173.994,1147.711,4.5628,40.4184
20210501,sx5e,4003.591,16.304,1094.267,0.4089,37.6124
20210601,sx5e,4105.809,102.218,868.416,2.5532,26.8245
20210701,sx5e,4062.607,-43.202,746.316,-1.0522,22.5045
20210801,sx5e,4177.026,114.419,879.358,2.8164,26.6661
20210901,sx5e,4158.286,-18.74,897.553,-0.4486,27.5261
20211001,sx5e,4132.229,-26.057,951.839,-0.6266,29.9284
20211101,sx5e,4306.355,174.126,914.561,4.2139,26.9639
20211201,sx5e,4207.864,-98.491,676.917,-2.2871,19.171
20220101,sx5e,4252.326,44.462,660.091,1.0566,18.3755
20220201,sx5e,4084.097,-168.229,416.954,-3.9562,11.37
20220301,sx5e,3796.599,-287.498,-16.694,-7.0395,-0.4378
20220401,sx5e,3837.343,40.744,-149.944,1.0732,-3.7606
20220501,sx5e,3691.774,-145.569,-311.817,-3.7935,-7.7884
20220601,sx5e,3587.624,-104.15,-518.185,-2.8211,-12.6208
20220701,sx5e,3523.291,-64.333,-539.316,-1.7932,-13.2751
20220801,sx5e,3701.055,177.764,-475.971,5.0454,-11.395
20220901,sx5e,3466.188,-234.867,-692.098,-6.3459,-16.6438
20221001,sx5e,3464.576,-1.612,-667.653,-0.0465,-16.1572
20221101,sx5e,3839.956,375.38,-466.399,10.8348,-10.8305
20221201,sx5e,3884.673,44.717,-323.191,1.1645,-7.6806
20230101,sx5e,4092.674,208.001,-159.652,5.3544,-3.7545
20230201,sx5e,4238.134,145.46,154.037,3.5542,3.7716
20230301,sx5e,4201.735,-36.399,405.136,-0.8588,10.671
20230401,sx5e,4358.267,156.532,520.924,3.7254,13.5751
20230501,sx5e,4319.32,-38.947,627.546,-0.8936,16.9985
20230601,sx5e,4324.439,5.119,736.815,0.1185,20.5377
20230701,sx5e,4364.507,40.068,841.216,0.9265,23.8759
20230801,sx5e,4296.844,-67.663,595.789,-1.5503,16.0978
20230901,sx5e,4227.228,-69.616,761.04,-1.6202,21.9561
20231001,sx5e,4103.953,-123.275,639.377,-2.9162,18.4547
20231101,sx5e,4275.041,171.088,435.085,4.1689,11.3305
20231201,sx5e,4508.593,233.552,623.92,5.4632,16.0611
20240101,sx5e,4505.776,-2.817,413.102,-0.0625,10.0937
20240201,sx5e,4758.887,253.111,520.753,5.6175,12.2873
20240301,sx5e,4989.648,230.761,787.913,4.8491,18.7521
20240401,sx5e,4981.407,-8.241,623.14,-0.1652,14.2979
20240501,sx5e,5022.56,41.153,703.24,0.8261,16.2813
20240601,sx5e,4951.974,-70.586,627.535,-1.4054,14.5114
20240701,sx5e,4913.889,-38.085,549.382,-0.7691,12.5875
20240801,sx5e,4788.511,-125.378,491.667,-2.5515,11.4425
20240901,sx5e,4876.99,88.479,649.762,1.8477,15.3709
20241001,sx5e,4948.44,71.45,844.487,1.465,20.5774
20241101,sx5e,4795.106,-153.334,520.065,-3.0986,12.1651
20241201,sx5e,4918.339,123.233,409.746,2.57,9.0881
20250101,sx5e,5098.117,179.778,592.341,3.6553,13.1463
20250201,sx5e,5420.044,321.927,661.157,6.3146,13.8931
20250301,sx5e,5417.666,-2.378,428.018,-0.0439,8.5781
20250401,sx5e,4993.988,-423.678,12.581,-7.8203,0.2526
20250501,sx5e,5358.469,364.481,335.909,7.2984,6.688
20250601,sx5e,5325.149,-33.32,373.175,-0.6218,7.5359
20250701,sx5e,5351.67,26.521,437.781,0.498,8.9091
20250801,sx5e,5373.8,22.13,585.289,0.4135,12.2228
20250901,sx5e,5408.021,34.221,531.031,0.6368,10.8885
20251001,sx5e,5641.07,233.049,692.63,4.3093,13.9969
20251101,sx5e,5634.126,-6.944,839.02,-0.1231,17.4974
20251201,sx5e,5730.931,96.805,812.592,1.7182,16.5217
20260101,sx5e,5951.596,220.665,853.479,3.8504,16.7411
20260201,sx5e,6051.726,100.13,631.682,1.6824,11.6546
20260301,sx5e,5693.788,-357.938,276.122,-5.9146,5.0967
20260401,sx5e,5880.356,186.568,886.368,3.2767,17.7487
20260501,sx5e,5942.226,61.87,583.757,1.0521,10.8941
20260601,sx5e,6178.956,236.73,853.807,3.9839,16.0335
20260701,sx5e,6291.655,112.699,939.985,1.8239,17.5643
20260801,sx5e,6483.56,191.905,1109.76,3.0502,20.6513
20260901,sx5e,6316.389,-167.171,908.368,-2.5784,16.7967
20150101,yc10y,0.512,,,,
20150201,yc10y,0.409,-0.103,,,
20150301,yc10y,0.309,-0.1,,,
20150401,yc10y,0.227,-0.082,,,
20150501,yc10y,0.675,0.448,,,
20150601,yc10y,0.956,0.281,,,
20150701,yc10y,0.881,-0.075,,,
20150801,yc10y,0.744,-0.137,,,
20150901,yc10y,0.776,0.032,,,
20151001,yc10y,0.649,-0.127,,,
20151101,yc10y,0.659,0.01,,,
20151201,yc10y,0.707,0.048,,,
20160101,yc10y,0.621,-0.086,0.109,,
20160201,yc10y,0.339,-0.282,-0.07,,
20160301,yc10y,0.317,-0.022,0.008,,
20160401,yc10y,0.244,-0.073,0.017,,
20160501,yc10y,0.217,-0.027,-0.458,,
20160601,yc10y,0.051,-0.166,-0.905,,
20160701,yc10y,-0.102,-0.153,-0.983,,
20160801,yc10y,-0.118,-0.016,-0.862,,
20160901,yc10y,-0.074,0.044,-0.85,,
20161001,yc10y,0.015,0.089,-0.634,,
20161101,yc10y,0.254,0.239,-0.405,,
20161201,yc10y,0.349,0.095,-0.358,,
20170101,yc10y,0.379,0.03,-0.242,,
20170201,yc10y,0.378,-0.001,0.039,,
20170301,yc10y,0.432,0.054,0.115,,
20170401,yc10y,0.318,-0.114,0.074,,
20170501,yc10y,0.436,0.118,0.219,,
20170601,yc10y,0.37,-0.066,0.319,,
20170701,yc10y,0.584,0.214,0.686,,
20170801,yc10y,0.45,-0.134,0.568,,
20170901,yc10y,0.449,-0.001,0.523,,
20171001,yc10y,0.485,0.036,0.47,,
20171101,yc10y,0.431,-0.054,0.177,,
20171201,yc10y,0.42,-0.011,0.071,,
20180101,yc10y,0.605,0.185,0.226,,
20180201,yc10y,0.769,0.164,0.391,,
20180301,yc10y,0.643,-0.126,0.211,,
20180401,yc10y,0.602,-0.041,0.284,,
20180501,yc10y,0.581,-0.021,0.145,,
20180601,yc10y,0.473,-0.108,0.103,,
20180701,yc10y,0.388,-0.085,-0.196,,
20180801,yc10y,0.39,0.002,-0.06,,
20180901,yc10y,0.477,0.087,0.028,,
20181001,yc10y,0.511,0.034,0.026,,
20181101,yc10y,0.444,-0.067,0.013,,
20181201,yc10y,0.316,-0.128,-0.104,,
20190101,yc10y,0.253,-0.063,-0.352,,
20190201,yc10y,0.17,-0.083,-0.599,,
20190301,yc10y,0.107,-0.063,-0.536,,
20190401,yc10y,0.057,-0.05,-0.545,,
20190501,yc10y,-0.026,-0.083,-0.607,,
20190601,yc10y,-0.206,-0.18,-0.679,,
20190701,yc10y,-0.296,-0.09,-0.684,,
20190801,yc10y,-0.588,-0.292,-0.978,,
20190901,yc10y,-0.527,0.061,-1.004,,
20191001,yc10y,-0.403,0.124,-0.914,,
20191101,yc10y,-0.28,0.123,-0.724,,
20191201,yc10y,-0.218,0.062,-0.534,,
20200101,yc10y,-0.24,-0.022,-0.493,,
20200201,yc10y,-0.393,-0.153,-0.563,,
20200301,yc10y,-0.458,-0.065,-0.565,,
20200401,yc10y,-0.346,0.112,-0.403,,
20200501,yc10y,-0.403,-0.057,-0.377,,
20200601,yc10y,-0.346,0.057,-0.14,,
20200701,yc10y,-0.432,-0.086,-0.136,,
20200801,yc10y,-0.445,-0.013,0.143,,
20200901,yc10y,-0.462,-0.017,0.065,,
20201001,yc10y,-0.545,-0.083,-0.142,,
20201101,yc10y,-0.55,-0.005,-0.27,,
20201201,yc10y,-0.561,-0.011,-0.343,,
20210101,yc10y,-0.536,0.025,-0.296,,
20210201,yc10y,-0.379,0.157,0.014,,
20210301,yc10y,-0.3,0.079,0.158,,
20210401,yc10y,-0.247,0.053,0.099,,
20210501,yc10y,-0.134,0.113,0.269,,
20210601,yc10y,-0.191,-0.057,0.155,,
20210701,yc10y,-0.349,-0.158,0.083,,
20210801,yc10y,-0.457,-0.108,-0.012,,
20210901,yc10y,-0.29,0.167,0.172,,
20211001,yc10y,-0.128,0.162,0.417,,
20211101,yc10y,-0.242,-0.114,0.308,,
20211201,yc10y,-0.301,-0.059,0.26,,
20220101,yc10y,-0.065,0.236,0.471,,
20220201,yc10y,0.239,0.304,0.618,,
20220301,yc10y,0.364,0.125,0.664,,
20220401,yc10y,0.825,0.461,1.072,,
20220501,yc10y,1.057,0.232,1.191,,
20220601,yc10y,1.58,0.523,1.771,,
20220701,yc10y,1.23,-0.35,1.579,,
20220801,yc10y,1.168,-0.062,1.625,,
20220901,yc10y,1.864,0.696,2.154,,
20221001,yc10y,2.302,0.438,2.43,,
20221101,yc10y,2.167,-0.135,2.409,,
20221201,yc10y,2.166,-0.001,2.467,,
20230101,yc10y,2.27,0.104,2.335,,
20230201,yc10y,2.458,0.188,2.219,,
20230301,yc10y,2.468,0.01,2.104,,
20230401,yc10y,2.47,0.002,1.645,,
20230501,yc10y,2.455,-0.015,1.398,,
20230601,yc10y,2.478,0.023,0.898,,
20230701,yc10y,2.556,0.078,1.326,,
20230801,yc10y,2.646,0.09,1.478,,
20230901,yc10y,2.764,0.118,0.9,,
20231001,yc10y,2.908,0.144,0.606,,
20231101,yc10y,2.672,-0.236,0.505,,
20231201,yc10y,2.196,-0.476,0.03,,
20240101,yc10y,2.289,0.093,0.019,,
20240201,yc10y,2.431,0.142,-0.027,,
20240301,yc10y,2.415,-0.016,-0.053,,
20240401,yc10y,2.535,0.12,0.065,,
20240501,yc10y,2.588,0.053,0.133,,
20240601,yc10y,2.549,-0.039,0.071,,
20240701,yc10y,2.505,-0.044,-0.051,,
20240801,yc10y,2.326,-0.179,-0.32,,
20240901,yc10y,2.291,-0.035,-0.473,,
20241001,yc10y,2.362,0.071,-0.546,,
20241101,yc10y,2.41,0.048,-0.262,,
20241201,yc10y,2.285,-0.125,0.089,,
20250101,yc10y,2.599,0.314,0.31,,
20250201,yc10y,2.505,-0.094,0.074,,
20250301,yc10y,2.843,0.338,0.428,,
20250401,yc10y,2.636,-0.207,0.101,,
20250501,yc10y,2.672,0.036,0.084,,
20250601,yc10y,2.631,-0.041,0.082,,
20250701,yc10y,2.732,0.101,0.227,,
20250801,yc10y,2.778,0.046,0.452,,
20250901,yc10y,2.786,0.008,0.495,,
20251001,yc10y,2.713,-0.073,0.351,,
20251101,yc10y,2.76,0.047,0.35,,
20251201,yc10y,2.924,0.164,0.639,,
20260101,yc10y,2.916,-0.008,0.317,,
20260201,yc10y,2.836,-0.08,0.331,,
20260301,yc10y,2.981,0.145,0.138,,
20260401,yc10y,3.075,0.094,0.439,,
20260501,yc10y,3.097,0.022,0.425,,
20260601,yc10y,3.017,-0.08,0.386,,
20260701,yc10y,3.135,0.118,0.403,,
20260801,yc10y,3.225,0.09,0.447,,
20260901,yc10y,3.489,0.264,0.703,,
20261001,yc10y,3.523,0.034,0.81,,
20150101,yc2y,-0.133,,,,
20150201,yc2y,-0.18,-0.047,,,
20150301,yc2y,-0.201,-0.021,,,
20150401,yc2y,-0.237,-0.036,,,
20150501,yc2y,-0.207,0.03,,,
20150601,yc2y,-0.198,0.009,,,
20150701,yc2y,-0.248,-0.05,,,
20150801,yc2y,-0.255,-0.007,,,
20150901,yc2y,-0.246,0.009,,,
20151001,yc2y,-0.282,-0.036,,,
20151101,yc2y,-0.354,-0.072,,,
20151201,yc2y,-0.342,0.012,,,
20160101,yc2y,-0.404,-0.062,-0.271,,
20160201,yc2y,-0.492,-0.088,-0.312,,
20160301,yc2y,-0.496,-0.004,-0.295,,
20160401,yc2y,-0.499,-0.003,-0.262,,
20160501,yc2y,-0.527,-0.028,-0.32,,
20160601,yc2y,-0.591,-0.064,-0.393,,
20160701,yc2y,-0.667,-0.076,-0.419,,
20160801,yc2y,-0.649,0.018,-0.394,,
20160901,yc2y,-0.675,-0.026,-0.429,,
20161001,yc2y,-0.696,-0.021,-0.414,,
20161101,yc2y,-0.703,-0.007,-0.349,,
20161201,yc2y,-0.779,-0.076,-0.437,,
20170101,yc2y,-0.733,0.046,-0.329,,
20170201,yc2y,-0.821,-0.088,-0.329,,
20170301,yc2y,-0.795,0.026,-0.299,,
20170401,yc2y,-0.788,0.007,-0.289,,
20170501,yc2y,-0.696,0.092,-0.169,,
20170601,yc2y,-0.688,0.008,-0.097,,
20170701,yc2y,-0.632,0.056,0.035,,
20170801,yc2y,-0.699,-0.067,-0.05,,
20170901,yc2y,-0.721,-0.022,-0.046,,
20171001,yc2y,-0.721,0.0,-0.025,,
20171101,yc2y,-0.736,-0.015,-0.033,,
20171201,yc2y,-0.715,0.021,0.064,,
20180101,yc2y,-0.578,0.137,0.155,,
20180201,yc2y,-0.55,0.028,0.271,,
20180301,yc2y,-0.587,-0.037,0.208,,
20180401,yc2y,-0.573,0.014,0.215,,
20180501,yc2y,-0.6,-0.027,0.096,,
20180601,yc2y,-0.654,-0.054,0.034,,
20180701,yc2y,-0.649,0.005,-0.017,,
20180801,yc2y,-0.628,0.021,0.071,,
20180901,yc2y,-0.561,0.067,0.16,,
20181001,yc2y,-0.589,-0.028,0.132,,
20181101,yc2y,-0.62,-0.031,0.116,,
20181201,yc2y,-0.641,-0.021,0.074,,
20190101,yc2y,-0.614,0.027,-0.036,,
20190201,yc2y,-0.569,0.045,-0.019,,
20190301,yc2y,-0.564,0.005,0.023,,
20190401,yc2y,-0.597,-0.033,-0.024,,
20190501,yc2y,-0.639,-0.042,-0.039,,
20190601,yc2y,-0.704,-0.065,-0.05,,
20190701,yc2y,-0.765,-0.061,-0.116,,
20190801,yc2y,-0.888,-0.123,-0.26,,
20190901,yc2y,-0.817,0.071,-0.256,,
20191001,yc2y,-0.73,0.087,-0.141,,
20191101,yc2y,-0.658,0.072,-0.038,,
20191201,yc2y,-0.651,0.007,-0.01,,
20200101,yc2y,-0.626,0.025,-0.012,,
20200201,yc2y,-0.67,-0.044,-0.101,,
20200301,yc2y,-0.79,-0.12,-0.226,,
20200401,yc2y,-0.658,0.132,-0.061,,
20200501,yc2y,-0.679,-0.021,-0.04,,
20200601,yc2y,-0.653,0.026,0.051,,
20200701,yc2y,-0.681,-0.028,0.084,,
20200801,yc2y,-0.684,-0.003,0.204,,
20200901,yc2y,-0.696,-0.012,0.121,,
20201001,yc2y,-0.752,-0.056,-0.022,,
20201101,yc2y,-0.761,-0.009,-0.103,,
20201201,yc2y,-0.768,-0.007,-0.117,,
20210101,yc2y,-0.741,0.027,-0.115,,
20210201,yc2y,-0.713,0.028,-0.043,,
20210301,yc2y,-0.715,-0.002,0.075,,
20210401,yc2y,-0.72,-0.005,-0.062,,
20210501,yc2y,-0.692,0.028,-0.013,,
20210601,yc2y,-0.705,-0.013,-0.052,,
20210701,yc2y,-0.747,-0.042,-0.066,,
20210801,yc2y,-0.794,-0.047,-0.11,,
20210901,yc2y,-0.746,0.048,-0.05,,
20211001,yc2y,-0.694,0.052,0.058,,
20211101,yc2y,-0.778,-0.084,-0.017,,
20211201,yc2y,-0.731,0.047,0.037,,
20220101,yc2y,-0.63,0.101,0.111,,
20220201,yc2y,-0.443,0.187,0.27,,
20220301,yc2y,-0.399,0.044,0.316,,
20220401,yc2y,0.045,0.444,0.765,,
20220501,yc2y,0.201,0.156,0.893,,
20220601,yc2y,0.824,0.623,1.529,,
20220701,yc2y,0.431,-0.393,1.178,,
20220801,yc2y,0.599,0.168,1.393,,
20220901,yc2y,1.41,0.811,2.156,,
20221001,yc2y,1.845,0.435,2.539,,
20221101,yc2y,2.041,0.196,2.819,,
20221201,yc2y,2.203,0.162,2.934,,
20230101,yc2y,2.464,0.261,3.094,,
20230201,yc2y,2.7,0.236,3.143,,
20230301,yc2y,2.723,0.023,3.122,,
20230401,yc2y,2.718,-0.005,2.673,,
20230501,yc2y,2.648,-0.07,2.447,,
20230601,yc2y,2.942,0.294,2.118,,
20230701,yc2y,3.097,0.155,2.666,,
20230801,yc2y,2.986,-0.111,2.387,,
20230901,yc2y,3.11,0.124,1.7,,
20231001,yc2y,3.103,-0.007,1.258,,
20231101,yc2y,2.966,-0.137,0.925,,
20231201,yc2y,2.573,-0.393,0.37,,
20240101,yc2y,2.571,-0.002,0.107,,
20240201,yc2y,2.759,0.188,0.059,,
20240301,yc2y,2.85,0.091,0.127,,
20240401,yc2y,2.881,0.031,0.163,,
20240501,yc2y,2.951,0.07,0.303,,
20240601,yc2y,2.87,-0.081,-0.072,,
20240701,yc2y,2.78,-0.09,-0.317,,
20240801,yc2y,2.392,-0.388,-0.594,,
20240901,yc2y,2.188,-0.204,-0.922,,
20241001,yc2y,2.111,-0.077,-0.992,,
20241101,yc2y,2.084,-0.027,-0.882,,
20241201,yc2y,1.963,-0.121,-0.61,,
20250101,yc2y,2.173,0.21,-0.398,,
20250201,yc2y,2.031,-0.142,-0.728,,
20250301,yc2y,2.113,0.082,-0.737,,
20250401,yc2y,1.785,-0.328,-1.096,,
20250501,yc2y,1.801,0.016,-1.15,,
20250601,yc2y,1.829,0.028,-1.041,,
20250701,yc2y,1.857,0.028,-0.923,,
20250801,yc2y,1.918,0.061,-0.474,,
20250901,yc2y,1.961,0.043,-0.227,,
20251001,yc2y,1.943,-0.018,-0.168,,
20251101,yc2y,1.983,0.04,-0.101,,
20251201,yc2y,2.096,0.113,0.133,,
20260101,yc2y,2.075,-0.021,-0.098,,
20260201,yc2y,2.024,-0.051,-0.007,,
20260301,yc2y,2.38,0.356,0.267,,
20260401,yc2y,2.534,0.154,0.749,,
20260501,yc2y,2.592,0.058,0.791,,
20260601,yc2y,2.549,-0.043,0.72,,
20260701,yc2y,2.655,0.106,0.798,,
20260801,yc2y,2.739,0.084,0.821,,
20260901,yc2y,3.096,0.357,1.135,,
20261001,yc2y,3.029,-0.067,1.086,,
